Time,Datastream Name,Value
2022-04-04 20:29:00,Temperature,15.103
2022-04-04 20:29:00,CO_2 concentration,585.0
2022-04-04 20:29:00,Humidity,36.212
2022-04-04 20:28:00,Temperature,15.1455
2022-04-04 20:28:00,CO_2 concentration,587.0
2022-04-04 20:28:00,Humidity,36.181
2022-04-04 20:27:00,Temperature,15.2135
2022-04-04 20:27:00,CO_2 concentration,585.0
2022-04-04 20:27:00,Humidity,36.58
2022-04-04 20:26:00,Temperature,15.156500000000001
2022-04-04 20:26:00,CO_2 concentration,586.0
2022-04-04 20:26:00,Humidity,36.348
2022-04-04 20:25:00,Temperature,15.142
2022-04-04 20:25:00,CO_2 concentration,590.0
2022-04-04 20:25:00,Humidity,36.175
2022-04-04 20:24:00,Temperature,15.190000000000001
2022-04-04 20:24:00,CO_2 concentration,596.0
2022-04-04 20:24:00,Humidity,36.079
2022-04-04 20:23:00,Temperature,15.211
2022-04-04 20:23:00,CO_2 concentration,600.0
2022-04-04 20:23:00,Humidity,36.189
2022-04-04 20:22:00,Temperature,15.2415
2022-04-04 20:22:00,CO_2 concentration,601.5
2022-04-04 20:22:00,Humidity,36.072500000000005
2022-04-04 20:21:00,Temperature,15.23
2022-04-04 20:21:00,CO_2 concentration,605.0
2022-04-04 20:21:00,Humidity,36.1
2022-04-04 20:20:00,Temperature,15.288
2022-04-04 20:20:00,CO_2 concentration,606.5
2022-04-04 20:20:00,Humidity,36.176
2022-04-04 20:19:00,Temperature,15.242
2022-04-04 20:19:00,CO_2 concentration,606.0
2022-04-04 20:19:00,Humidity,35.8355
2022-04-04 20:18:00,Temperature,15.33
2022-04-04 20:18:00,CO_2 concentration,604.5
2022-04-04 20:18:00,Humidity,36.179
2022-04-04 20:17:00,Temperature,15.299
2022-04-04 20:17:00,CO_2 concentration,602.0
2022-04-04 20:17:00,Humidity,35.802
2022-04-04 20:16:00,Temperature,15.361999999999998
2022-04-04 20:16:00,CO_2 concentration,605.5
2022-04-04 20:16:00,Humidity,35.8475
2022-04-04 20:15:00,Temperature,15.427
2022-04-04 20:15:00,CO_2 concentration,611.0
2022-04-04 20:15:00,Humidity,35.6665
2022-04-04 20:14:00,Temperature,15.51
2022-04-04 20:14:00,CO_2 concentration,618.0
2022-04-04 20:14:00,Humidity,36.039
2022-04-04 20:13:00,Temperature,15.454
2022-04-04 20:13:00,CO_2 concentration,621.5
2022-04-04 20:13:00,Humidity,35.709500000000006
2022-04-04 20:12:00,Temperature,15.5165
2022-04-04 20:12:00,CO_2 concentration,632.0
2022-04-04 20:12:00,Humidity,35.805499999999995
2022-04-04 20:11:00,Temperature,15.681000000000001
2022-04-04 20:11:00,CO_2 concentration,633.0
2022-04-04 20:11:00,Humidity,36.787
2022-04-04 20:10:00,Temperature,15.652000000000001
2022-04-04 20:10:00,CO_2 concentration,637.0
2022-04-04 20:10:00,Humidity,36.2395
2022-04-04 20:09:00,Temperature,15.661000000000001
2022-04-04 20:09:00,CO_2 concentration,640.5
2022-04-04 20:09:00,Humidity,36.6185
2022-04-04 20:08:00,Temperature,15.6265
2022-04-04 20:08:00,CO_2 concentration,640.5
2022-04-04 20:08:00,Humidity,36.38849999999999
2022-04-04 20:07:00,Temperature,15.6545
2022-04-04 20:07:00,CO_2 concentration,651.5
2022-04-04 20:07:00,Humidity,36.5975
2022-04-04 20:06:00,Temperature,15.6475
2022-04-04 20:06:00,CO_2 concentration,650.0
2022-04-04 20:06:00,Humidity,36.6875
2022-04-04 20:05:00,Temperature,15.606
2022-04-04 20:05:00,CO_2 concentration,643.5
2022-04-04 20:05:00,Humidity,36.1375
2022-04-04 20:04:00,Temperature,15.574
2022-04-04 20:04:00,CO_2 concentration,648.0
2022-04-04 20:04:00,Humidity,36.1375
2022-04-04 20:03:00,Temperature,15.617
2022-04-04 20:03:00,CO_2 concentration,651.0
2022-04-04 20:03:00,Humidity,35.956500000000005
2022-04-04 20:02:00,Temperature,15.669
2022-04-04 20:02:00,CO_2 concentration,654.5
2022-04-04 20:02:00,Humidity,36.222
2022-04-04 20:01:00,Temperature,15.7235
2022-04-04 20:01:00,CO_2 concentration,658.5
2022-04-04 20:01:00,Humidity,36.560500000000005
2022-04-04 20:00:00,Temperature,15.66
2022-04-04 20:00:00,CO_2 concentration,654.5
2022-04-04 20:00:00,Humidity,36.668
2022-04-04 19:59:00,Temperature,15.629000000000001
2022-04-04 19:59:00,CO_2 concentration,652.5
2022-04-04 19:59:00,Humidity,37.007
2022-04-04 19:58:00,Temperature,15.5565
2022-04-04 19:58:00,CO_2 concentration,647.5
2022-04-04 19:58:00,Humidity,36.7675
2022-04-04 19:57:00,Temperature,15.494
2022-04-04 19:57:00,CO_2 concentration,647.5
2022-04-04 19:57:00,Humidity,36.3395
2022-04-04 19:56:00,Temperature,15.466
2022-04-04 19:56:00,CO_2 concentration,645.0
2022-04-04 19:56:00,Humidity,36.119
2022-04-04 19:55:00,Temperature,15.4195
2022-04-04 19:55:00,CO_2 concentration,650.5
2022-04-04 19:55:00,Humidity,35.813
2022-04-04 19:54:00,Temperature,15.596
2022-04-04 19:54:00,CO_2 concentration,656.0
2022-04-04 19:54:00,Humidity,36.0955
2022-04-04 19:53:00,Temperature,15.625
2022-04-04 19:53:00,CO_2 concentration,654.5
2022-04-04 19:53:00,Humidity,36.4885
2022-04-04 19:52:00,Temperature,15.549
2022-04-04 19:52:00,CO_2 concentration,651.0
2022-04-04 19:52:00,Humidity,35.949
2022-04-04 19:51:00,Temperature,15.529
2022-04-04 19:51:00,CO_2 concentration,650.5
2022-04-04 19:51:00,Humidity,35.9215
2022-04-04 19:50:00,Temperature,15.614
2022-04-04 19:50:00,CO_2 concentration,652.5
2022-04-04 19:50:00,Humidity,36.2755
2022-04-04 19:49:00,Temperature,15.586
2022-04-04 19:49:00,CO_2 concentration,652.0
2022-04-04 19:49:00,Humidity,36.274
2022-04-04 19:48:00,Temperature,15.527
2022-04-04 19:48:00,CO_2 concentration,651.0
2022-04-04 19:48:00,Humidity,35.774
2022-04-04 19:47:00,Temperature,15.595500000000001
2022-04-04 19:47:00,CO_2 concentration,650.5
2022-04-04 19:47:00,Humidity,36.0285
2022-04-04 19:46:00,Temperature,15.594000000000001
2022-04-04 19:46:00,CO_2 concentration,647.5
2022-04-04 19:46:00,Humidity,35.777
2022-04-04 19:45:00,Temperature,15.5395
2022-04-04 19:45:00,CO_2 concentration,644.5
2022-04-04 19:45:00,Humidity,35.5605
2022-04-04 19:44:00,Temperature,15.587499999999999
2022-04-04 19:44:00,CO_2 concentration,645.5
2022-04-04 19:44:00,Humidity,35.7195
2022-04-04 19:43:00,Temperature,15.6145
2022-04-04 19:43:00,CO_2 concentration,646.5
2022-04-04 19:43:00,Humidity,35.760999999999996
2022-04-04 19:42:00,Temperature,15.605
2022-04-04 19:42:00,CO_2 concentration,649.0
2022-04-04 19:42:00,Humidity,35.709
2022-04-04 19:41:00,Temperature,15.651499999999999
2022-04-04 19:41:00,CO_2 concentration,651.0
2022-04-04 19:41:00,Humidity,35.743
2022-04-04 19:40:00,Temperature,15.6085
2022-04-04 19:40:00,CO_2 concentration,651.5
2022-04-04 19:40:00,Humidity,35.766000000000005
2022-04-04 19:39:00,Temperature,15.6475
2022-04-04 19:39:00,CO_2 concentration,652.5
2022-04-04 19:39:00,Humidity,35.826
2022-04-04 19:38:00,Temperature,15.685
2022-04-04 19:38:00,CO_2 concentration,652.5
2022-04-04 19:38:00,Humidity,36.1625
2022-04-04 19:37:00,Temperature,15.644
2022-04-04 19:37:00,CO_2 concentration,649.5
2022-04-04 19:37:00,Humidity,35.716
2022-04-04 19:36:00,Temperature,15.669
2022-04-04 19:36:00,CO_2 concentration,651.0
2022-04-04 19:36:00,Humidity,36.022000000000006
2022-04-04 19:35:00,Temperature,15.66
2022-04-04 19:35:00,CO_2 concentration,649.5
2022-04-04 19:35:00,Humidity,35.7905
2022-04-04 19:34:00,Temperature,15.7105
2022-04-04 19:34:00,CO_2 concentration,647.0
2022-04-04 19:34:00,Humidity,36.222
2022-04-04 19:33:00,Temperature,15.662500000000001
2022-04-04 19:33:00,CO_2 concentration,644.0
2022-04-04 19:33:00,Humidity,35.9335
2022-04-04 19:32:00,Temperature,15.6585
2022-04-04 19:32:00,CO_2 concentration,642.0
2022-04-04 19:32:00,Humidity,35.861000000000004
2022-04-04 19:31:00,Temperature,15.654499999999999
2022-04-04 19:31:00,CO_2 concentration,644.0
2022-04-04 19:31:00,Humidity,36.1375
2022-04-04 19:30:00,Temperature,15.661999999999999
2022-04-04 19:30:00,CO_2 concentration,642.5
2022-04-04 19:30:00,Humidity,36.185500000000005
2022-04-04 19:29:00,Temperature,15.626000000000001
2022-04-04 19:29:00,CO_2 concentration,639.0
2022-04-04 19:29:00,Humidity,35.926500000000004
2022-04-04 19:28:00,Temperature,15.709
2022-04-04 19:28:00,CO_2 concentration,641.0
2022-04-04 19:28:00,Humidity,36.0105
2022-04-04 19:27:00,Temperature,15.716000000000001
2022-04-04 19:27:00,CO_2 concentration,641.0
2022-04-04 19:27:00,Humidity,35.9655
2022-04-04 19:26:00,Temperature,15.7275
2022-04-04 19:26:00,CO_2 concentration,640.0
2022-04-04 19:26:00,Humidity,35.8645
2022-04-04 19:25:00,Temperature,15.7425
2022-04-04 19:25:00,CO_2 concentration,640.5
2022-04-04 19:25:00,Humidity,35.667500000000004
2022-04-04 19:24:00,Temperature,15.7635
2022-04-04 19:24:00,CO_2 concentration,640.5
2022-04-04 19:24:00,Humidity,35.8695
2022-04-04 19:23:00,Temperature,15.732
2022-04-04 19:23:00,CO_2 concentration,642.0
2022-04-04 19:23:00,Humidity,35.552499999999995
2022-04-04 19:22:00,Temperature,15.815999999999999
2022-04-04 19:22:00,CO_2 concentration,644.5
2022-04-04 19:22:00,Humidity,36.036500000000004
2022-04-04 19:21:00,Temperature,15.793
2022-04-04 19:21:00,CO_2 concentration,644.5
2022-04-04 19:21:00,Humidity,35.604
2022-04-04 19:20:00,Temperature,15.8305
2022-04-04 19:20:00,CO_2 concentration,643.0
2022-04-04 19:20:00,Humidity,35.995000000000005
2022-04-04 19:19:00,Temperature,15.807500000000001
2022-04-04 19:19:00,CO_2 concentration,639.0
2022-04-04 19:19:00,Humidity,35.7765
2022-04-04 19:18:00,Temperature,15.844999999999999
2022-04-04 19:18:00,CO_2 concentration,636.5
2022-04-04 19:18:00,Humidity,35.748
2022-04-04 19:17:00,Temperature,15.833
2022-04-04 19:17:00,CO_2 concentration,635.0
2022-04-04 19:17:00,Humidity,35.556
2022-04-04 19:16:00,Temperature,15.8185
2022-04-04 19:16:00,CO_2 concentration,636.5
2022-04-04 19:16:00,Humidity,35.788
2022-04-04 19:15:00,Temperature,15.841000000000001
2022-04-04 19:15:00,CO_2 concentration,637.5
2022-04-04 19:15:00,Humidity,35.604
2022-04-04 19:14:00,Temperature,15.8385
2022-04-04 19:14:00,CO_2 concentration,638.5
2022-04-04 19:14:00,Humidity,35.7055
2022-04-04 19:13:00,Temperature,15.8355
2022-04-04 19:13:00,CO_2 concentration,638.0
2022-04-04 19:13:00,Humidity,35.528499999999994
2022-04-04 19:12:00,Temperature,15.912
2022-04-04 19:12:00,CO_2 concentration,638.5
2022-04-04 19:12:00,Humidity,36.063500000000005
2022-04-04 19:11:00,Temperature,15.9375
2022-04-04 19:11:00,CO_2 concentration,639.5
2022-04-04 19:11:00,Humidity,35.95399999999999
2022-04-04 19:10:00,Temperature,15.9025
2022-04-04 19:10:00,CO_2 concentration,639.5
2022-04-04 19:10:00,Humidity,35.742000000000004
2022-04-04 19:09:00,Temperature,15.896
2022-04-04 19:09:00,CO_2 concentration,644.0
2022-04-04 19:09:00,Humidity,36.0275
2022-04-04 19:08:00,Temperature,15.940999999999999
2022-04-04 19:08:00,CO_2 concentration,644.0
2022-04-04 19:08:00,Humidity,35.944500000000005
2022-04-04 19:07:00,Temperature,15.8625
2022-04-04 19:07:00,CO_2 concentration,644.0
2022-04-04 19:07:00,Humidity,35.5835
2022-04-04 19:06:00,Temperature,15.9415
2022-04-04 19:06:00,CO_2 concentration,649.0
2022-04-04 19:06:00,Humidity,35.704
2022-04-04 19:05:00,Temperature,15.992
2022-04-04 19:05:00,CO_2 concentration,649.0
2022-04-04 19:05:00,Humidity,36.096000000000004
2022-04-04 19:04:00,Temperature,15.942499999999999
2022-04-04 19:04:00,CO_2 concentration,645.5
2022-04-04 19:04:00,Humidity,35.6795
2022-04-04 19:03:00,Temperature,15.991999999999999
2022-04-04 19:03:00,CO_2 concentration,646.5
2022-04-04 19:03:00,Humidity,35.676
2022-04-04 19:02:00,Temperature,16.1265
2022-04-04 19:02:00,CO_2 concentration,647.0
2022-04-04 19:02:00,Humidity,35.8155
2022-04-04 19:01:00,Temperature,16.208
2022-04-04 19:01:00,CO_2 concentration,647.0
2022-04-04 19:01:00,Humidity,36.39
2022-04-04 19:00:00,Temperature,16.2295
2022-04-04 19:00:00,CO_2 concentration,645.5
2022-04-04 19:00:00,Humidity,36.2465
2022-04-04 18:59:00,Temperature,16.2055
2022-04-04 18:59:00,CO_2 concentration,645.0
2022-04-04 18:59:00,Humidity,36.18
2022-04-04 18:58:00,Temperature,16.1695
2022-04-04 18:58:00,CO_2 concentration,644.5
2022-04-04 18:58:00,Humidity,35.6035
2022-04-04 18:57:00,Temperature,16.291
2022-04-04 18:57:00,CO_2 concentration,647.0
2022-04-04 18:57:00,Humidity,36.169
2022-04-04 18:56:00,Temperature,16.299
2022-04-04 18:56:00,CO_2 concentration,645.5
2022-04-04 18:56:00,Humidity,36.2935
2022-04-04 18:55:00,Temperature,16.305999999999997
2022-04-04 18:55:00,CO_2 concentration,643.5
2022-04-04 18:55:00,Humidity,36.420500000000004
2022-04-04 18:54:00,Temperature,16.295
2022-04-04 18:54:00,CO_2 concentration,642.0
2022-04-04 18:54:00,Humidity,35.8605
2022-04-04 18:53:00,Temperature,16.39
2022-04-04 18:53:00,CO_2 concentration,640.0
2022-04-04 18:53:00,Humidity,36.503
2022-04-04 18:52:00,Temperature,16.411
2022-04-04 18:52:00,CO_2 concentration,637.5
2022-04-04 18:52:00,Humidity,36.598
2022-04-04 18:51:00,Temperature,16.433999999999997
2022-04-04 18:51:00,CO_2 concentration,635.5
2022-04-04 18:51:00,Humidity,36.576499999999996
2022-04-04 18:50:00,Temperature,16.3995
2022-04-04 18:50:00,CO_2 concentration,633.5
2022-04-04 18:50:00,Humidity,36.331
2022-04-04 18:49:00,Temperature,16.414
2022-04-04 18:49:00,CO_2 concentration,634.0
2022-04-04 18:49:00,Humidity,36.135000000000005
2022-04-04 18:48:00,Temperature,16.421999999999997
2022-04-04 18:48:00,CO_2 concentration,632.0
2022-04-04 18:48:00,Humidity,36.201499999999996
2022-04-04 18:47:00,Temperature,16.4205
2022-04-04 18:47:00,CO_2 concentration,628.5
2022-04-04 18:47:00,Humidity,36.006
2022-04-04 18:46:00,Temperature,16.4165
2022-04-04 18:46:00,CO_2 concentration,628.5
2022-04-04 18:46:00,Humidity,35.519999999999996
2022-04-04 18:45:00,Temperature,16.439
2022-04-04 18:45:00,CO_2 concentration,628.5
2022-04-04 18:45:00,Humidity,35.596500000000006
2022-04-04 18:44:00,Temperature,16.439500000000002
2022-04-04 18:44:00,CO_2 concentration,629.0
2022-04-04 18:44:00,Humidity,36.02
2022-04-04 18:43:00,Temperature,16.397
2022-04-04 18:43:00,CO_2 concentration,619.0
2022-04-04 18:43:00,Humidity,35.7285
2022-04-04 18:42:00,Temperature,16.374
2022-04-04 18:42:00,CO_2 concentration,616.0
2022-04-04 18:42:00,Humidity,35.582
2022-04-04 18:41:00,Temperature,16.367
2022-04-04 18:41:00,CO_2 concentration,615.5
2022-04-04 18:41:00,Humidity,35.6465
2022-04-04 18:40:00,Temperature,16.4555
2022-04-04 18:40:00,CO_2 concentration,613.5
2022-04-04 18:40:00,Humidity,35.8705
2022-04-04 18:39:00,Temperature,16.438000000000002
2022-04-04 18:39:00,CO_2 concentration,609.0
2022-04-04 18:39:00,Humidity,35.69799999999999
2022-04-04 18:38:00,Temperature,16.454
2022-04-04 18:38:00,CO_2 concentration,611.0
2022-04-04 18:38:00,Humidity,35.436499999999995
2022-04-04 18:37:00,Temperature,16.493000000000002
2022-04-04 18:37:00,CO_2 concentration,615.0
2022-04-04 18:37:00,Humidity,36.01
2022-04-04 18:36:00,Temperature,16.4805
2022-04-04 18:36:00,CO_2 concentration,617.5
2022-04-04 18:36:00,Humidity,35.537499999999994
2022-04-04 18:35:00,Temperature,16.527
2022-04-04 18:35:00,CO_2 concentration,617.0
2022-04-04 18:35:00,Humidity,35.7755
2022-04-04 18:34:00,Temperature,16.514000000000003
2022-04-04 18:34:00,CO_2 concentration,614.0
2022-04-04 18:34:00,Humidity,35.92700000000001
2022-04-04 18:33:00,Temperature,16.508499999999998
2022-04-04 18:33:00,CO_2 concentration,607.0
2022-04-04 18:33:00,Humidity,35.545500000000004
2022-04-04 18:32:00,Temperature,16.478
2022-04-04 18:32:00,CO_2 concentration,606.0
2022-04-04 18:32:00,Humidity,35.2965
2022-04-04 18:31:00,Temperature,16.546
2022-04-04 18:31:00,CO_2 concentration,606.0
2022-04-04 18:31:00,Humidity,35.873999999999995
2022-04-04 18:30:00,Temperature,16.546
2022-04-04 18:30:00,CO_2 concentration,605.5
2022-04-04 18:30:00,Humidity,35.685
2022-04-04 18:29:00,Temperature,16.502000000000002
2022-04-04 18:29:00,CO_2 concentration,603.0
2022-04-04 18:29:00,Humidity,35.595
2022-04-04 18:28:00,Temperature,16.5315
2022-04-04 18:28:00,CO_2 concentration,602.0
2022-04-04 18:28:00,Humidity,35.3885
2022-04-04 18:27:00,Temperature,16.506
2022-04-04 18:27:00,CO_2 concentration,600.0
2022-04-04 18:27:00,Humidity,35.4805
2022-04-04 18:26:00,Temperature,16.4995
2022-04-04 18:26:00,CO_2 concentration,601.5
2022-04-04 18:26:00,Humidity,35.417500000000004
2022-04-04 18:25:00,Temperature,16.564999999999998
2022-04-04 18:25:00,CO_2 concentration,600.5
2022-04-04 18:25:00,Humidity,35.607
2022-04-04 18:24:00,Temperature,16.525
2022-04-04 18:24:00,CO_2 concentration,593.5
2022-04-04 18:24:00,Humidity,35.5085
2022-04-04 18:23:00,Temperature,16.501
2022-04-04 18:23:00,CO_2 concentration,590.0
2022-04-04 18:23:00,Humidity,35.0285
2022-04-04 18:22:00,Temperature,16.518
2022-04-04 18:22:00,CO_2 concentration,588.0
2022-04-04 18:22:00,Humidity,35.117
2022-04-04 18:21:00,Temperature,16.430999999999997
2022-04-04 18:21:00,CO_2 concentration,589.0
2022-04-04 18:21:00,Humidity,34.435
2022-04-04 18:20:00,Temperature,16.498
2022-04-04 18:20:00,CO_2 concentration,588.0
2022-04-04 18:20:00,Humidity,34.929
2022-04-04 18:19:00,Temperature,16.4195
2022-04-04 18:19:00,CO_2 concentration,587.5
2022-04-04 18:19:00,Humidity,34.313500000000005
2022-04-04 18:18:00,Temperature,16.485999999999997
2022-04-04 18:18:00,CO_2 concentration,583.5
2022-04-04 18:18:00,Humidity,34.73650000000001
2022-04-04 18:17:00,Temperature,16.484499999999997
2022-04-04 18:17:00,CO_2 concentration,582.0
2022-04-04 18:17:00,Humidity,34.789500000000004
2022-04-04 18:16:00,Temperature,16.414
2022-04-04 18:16:00,CO_2 concentration,579.5
2022-04-04 18:16:00,Humidity,34.146
2022-04-04 18:15:00,Temperature,16.5165
2022-04-04 18:15:00,CO_2 concentration,580.0
2022-04-04 18:15:00,Humidity,34.3955
2022-04-04 18:14:00,Temperature,16.5245
2022-04-04 18:14:00,CO_2 concentration,581.0
2022-04-04 18:14:00,Humidity,34.644999999999996
2022-04-04 18:13:00,Temperature,16.500500000000002
2022-04-04 18:13:00,CO_2 concentration,581.5
2022-04-04 18:13:00,Humidity,35.099000000000004
2022-04-04 18:12:00,Temperature,16.438000000000002
2022-04-04 18:12:00,CO_2 concentration,578.5
2022-04-04 18:12:00,Humidity,34.456
2022-04-04 18:11:00,Temperature,16.394
2022-04-04 18:11:00,CO_2 concentration,578.0
2022-04-04 18:11:00,Humidity,33.985
2022-04-04 18:10:00,Temperature,16.445
2022-04-04 18:10:00,CO_2 concentration,574.0
2022-04-04 18:10:00,Humidity,34.1375
2022-04-04 18:09:00,Temperature,16.4755
2022-04-04 18:09:00,CO_2 concentration,573.5
2022-04-04 18:09:00,Humidity,34.754000000000005
2022-04-04 18:08:00,Temperature,16.486
2022-04-04 18:08:00,CO_2 concentration,571.0
2022-04-04 18:08:00,Humidity,34.836
2022-04-04 18:07:00,Temperature,16.4635
2022-04-04 18:07:00,CO_2 concentration,569.5
2022-04-04 18:07:00,Humidity,34.3575
2022-04-04 18:06:00,Temperature,16.448500000000003
2022-04-04 18:06:00,CO_2 concentration,568.0
2022-04-04 18:06:00,Humidity,34.489000000000004
2022-04-04 18:05:00,Temperature,16.466
2022-04-04 18:05:00,CO_2 concentration,567.0
2022-04-04 18:05:00,Humidity,34.548
2022-04-04 18:04:00,Temperature,16.4635
2022-04-04 18:04:00,CO_2 concentration,564.0
2022-04-04 18:04:00,Humidity,34.8865
2022-04-04 18:03:00,Temperature,16.399
2022-04-04 18:03:00,CO_2 concentration,564.0
2022-04-04 18:03:00,Humidity,34.150999999999996
2022-04-04 18:02:00,Temperature,16.438000000000002
2022-04-04 18:02:00,CO_2 concentration,563.0
2022-04-04 18:02:00,Humidity,34.066500000000005
2022-04-04 18:01:00,Temperature,16.421
2022-04-04 18:01:00,CO_2 concentration,565.5
2022-04-04 18:01:00,Humidity,33.942499999999995
2022-04-04 18:00:00,Temperature,16.482
2022-04-04 18:00:00,CO_2 concentration,563.0
2022-04-04 18:00:00,Humidity,34.534499999999994
2022-04-04 17:59:00,Temperature,16.377000000000002
2022-04-04 17:59:00,CO_2 concentration,557.5
2022-04-04 17:59:00,Humidity,33.569500000000005
2022-04-04 17:58:00,Temperature,16.3445
2022-04-04 17:58:00,CO_2 concentration,563.0
2022-04-04 17:58:00,Humidity,33.163
2022-04-04 17:57:00,Temperature,16.4235
2022-04-04 17:57:00,CO_2 concentration,565.5
2022-04-04 17:57:00,Humidity,33.4915
2022-04-04 17:56:00,Temperature,16.5075
2022-04-04 17:56:00,CO_2 concentration,566.5
2022-04-04 17:56:00,Humidity,33.9165
2022-04-04 17:55:00,Temperature,16.546
2022-04-04 17:55:00,CO_2 concentration,564.0
2022-04-04 17:55:00,Humidity,34.338499999999996
2022-04-04 17:54:00,Temperature,16.439
2022-04-04 17:54:00,CO_2 concentration,561.5
2022-04-04 17:54:00,Humidity,33.6195
2022-04-04 17:53:00,Temperature,16.455
2022-04-04 17:53:00,CO_2 concentration,560.0
2022-04-04 17:53:00,Humidity,33.945499999999996
2022-04-04 17:52:00,Temperature,16.3715
2022-04-04 17:52:00,CO_2 concentration,561.0
2022-04-04 17:52:00,Humidity,33.6945
2022-04-04 17:51:00,Temperature,16.4205
2022-04-04 17:51:00,CO_2 concentration,561.5
2022-04-04 17:51:00,Humidity,33.688
2022-04-04 17:50:00,Temperature,16.4765
2022-04-04 17:50:00,CO_2 concentration,561.0
2022-04-04 17:50:00,Humidity,33.6095
2022-04-04 17:49:00,Temperature,16.499
2022-04-04 17:49:00,CO_2 concentration,557.5
2022-04-04 17:49:00,Humidity,33.667
2022-04-04 17:48:00,Temperature,16.4835
2022-04-04 17:48:00,CO_2 concentration,559.0
2022-04-04 17:48:00,Humidity,33.602000000000004
2022-04-04 17:47:00,Temperature,16.5165
2022-04-04 17:47:00,CO_2 concentration,561.5
2022-04-04 17:47:00,Humidity,33.3275
2022-04-04 17:46:00,Temperature,16.5985
2022-04-04 17:46:00,CO_2 concentration,561.5
2022-04-04 17:46:00,Humidity,33.5045
2022-04-04 17:45:00,Temperature,16.5785
2022-04-04 17:45:00,CO_2 concentration,562.5
2022-04-04 17:45:00,Humidity,33.114000000000004
2022-04-04 17:44:00,Temperature,16.591500000000003
2022-04-04 17:44:00,CO_2 concentration,562.5
2022-04-04 17:44:00,Humidity,33.2465
2022-04-04 17:43:00,Temperature,16.634500000000003
2022-04-04 17:43:00,CO_2 concentration,561.5
2022-04-04 17:43:00,Humidity,33.2825
2022-04-04 17:42:00,Temperature,16.665
2022-04-04 17:42:00,CO_2 concentration,561.5
2022-04-04 17:42:00,Humidity,33.5655
2022-04-04 17:41:00,Temperature,16.735500000000002
2022-04-04 17:41:00,CO_2 concentration,560.5
2022-04-04 17:41:00,Humidity,34.1765
2022-04-04 17:40:00,Temperature,16.7305
2022-04-04 17:40:00,CO_2 concentration,556.0
2022-04-04 17:40:00,Humidity,34.049
2022-04-04 17:39:00,Temperature,16.6465
2022-04-04 17:39:00,CO_2 concentration,553.5
2022-04-04 17:39:00,Humidity,33.6815
2022-04-04 17:38:00,Temperature,16.5825
2022-04-04 17:38:00,CO_2 concentration,552.0
2022-04-04 17:38:00,Humidity,33.8685
2022-04-04 17:37:00,Temperature,16.4875
2022-04-04 17:37:00,CO_2 concentration,550.0
2022-04-04 17:37:00,Humidity,33.164
2022-04-04 17:36:00,Temperature,16.491500000000002
2022-04-04 17:36:00,CO_2 concentration,547.0
2022-04-04 17:36:00,Humidity,33.184
2022-04-04 17:35:00,Temperature,16.525
2022-04-04 17:35:00,CO_2 concentration,547.5
2022-04-04 17:35:00,Humidity,33.2405
2022-04-04 17:34:00,Temperature,16.5835
2022-04-04 17:34:00,CO_2 concentration,547.0
2022-04-04 17:34:00,Humidity,33.32
2022-04-04 17:33:00,Temperature,16.527
2022-04-04 17:33:00,CO_2 concentration,544.5
2022-04-04 17:33:00,Humidity,32.9965
2022-04-04 17:32:00,Temperature,16.5955
2022-04-04 17:32:00,CO_2 concentration,547.5
2022-04-04 17:32:00,Humidity,33.14
2022-04-04 17:31:00,Temperature,16.5435
2022-04-04 17:31:00,CO_2 concentration,547.0
2022-04-04 17:31:00,Humidity,32.8155
2022-04-04 17:30:00,Temperature,16.53
2022-04-04 17:30:00,CO_2 concentration,550.0
2022-04-04 17:30:00,Humidity,32.772999999999996
2022-04-04 17:29:00,Temperature,16.4755
2022-04-04 17:29:00,CO_2 concentration,552.0
2022-04-04 17:29:00,Humidity,32.8035
2022-04-04 17:28:00,Temperature,16.526
2022-04-04 17:28:00,CO_2 concentration,552.0
2022-04-04 17:28:00,Humidity,32.858000000000004
2022-04-04 17:27:00,Temperature,16.5835
2022-04-04 17:27:00,CO_2 concentration,552.5
2022-04-04 17:27:00,Humidity,32.879000000000005
2022-04-04 17:26:00,Temperature,16.6115
2022-04-04 17:26:00,CO_2 concentration,553.0
2022-04-04 17:26:00,Humidity,33.079
2022-04-04 17:25:00,Temperature,16.589
2022-04-04 17:25:00,CO_2 concentration,552.0
2022-04-04 17:25:00,Humidity,33.0215
2022-04-04 17:24:00,Temperature,16.613
2022-04-04 17:24:00,CO_2 concentration,551.0
2022-04-04 17:24:00,Humidity,32.900999999999996
2022-04-04 17:23:00,Temperature,16.6425
2022-04-04 17:23:00,CO_2 concentration,549.5
2022-04-04 17:23:00,Humidity,32.9725
2022-04-04 17:22:00,Temperature,16.606
2022-04-04 17:22:00,CO_2 concentration,550.5
2022-04-04 17:22:00,Humidity,32.705
2022-04-04 17:21:00,Temperature,16.6505
2022-04-04 17:21:00,CO_2 concentration,548.5
2022-04-04 17:21:00,Humidity,32.886
2022-04-04 17:20:00,Temperature,16.64
2022-04-04 17:20:00,CO_2 concentration,548.0
2022-04-04 17:20:00,Humidity,33.013
2022-04-04 17:19:00,Temperature,16.654
2022-04-04 17:19:00,CO_2 concentration,543.5
2022-04-04 17:19:00,Humidity,33.225
2022-04-04 17:18:00,Temperature,16.585
2022-04-04 17:18:00,CO_2 concentration,537.0
2022-04-04 17:18:00,Humidity,32.6875
2022-04-04 17:17:00,Temperature,16.561999999999998
2022-04-04 17:17:00,CO_2 concentration,538.0
2022-04-04 17:17:00,Humidity,32.5875
2022-04-04 17:16:00,Temperature,16.6545
2022-04-04 17:16:00,CO_2 concentration,534.5
2022-04-04 17:16:00,Humidity,32.6885
2022-04-04 17:15:00,Temperature,16.597
2022-04-04 17:15:00,CO_2 concentration,531.5
2022-04-04 17:15:00,Humidity,32.647999999999996
2022-04-04 17:14:00,Temperature,16.624
2022-04-04 17:14:00,CO_2 concentration,533.5
2022-04-04 17:14:00,Humidity,32.7255
2022-04-04 17:13:00,Temperature,16.618499999999997
2022-04-04 17:13:00,CO_2 concentration,535.0
2022-04-04 17:13:00,Humidity,32.7435
2022-04-04 17:12:00,Temperature,16.646
2022-04-04 17:12:00,CO_2 concentration,534.5
2022-04-04 17:12:00,Humidity,32.985
2022-04-04 17:11:00,Temperature,16.6025
2022-04-04 17:11:00,CO_2 concentration,534.5
2022-04-04 17:11:00,Humidity,32.804
2022-04-04 17:10:00,Temperature,16.62
2022-04-04 17:10:00,CO_2 concentration,531.0
2022-04-04 17:10:00,Humidity,32.4815
2022-04-04 17:09:00,Temperature,16.612
2022-04-04 17:09:00,CO_2 concentration,532.0
2022-04-04 17:09:00,Humidity,32.307
2022-04-04 17:08:00,Temperature,16.6675
2022-04-04 17:08:00,CO_2 concentration,529.5
2022-04-04 17:08:00,Humidity,32.215999999999994
2022-04-04 17:07:00,Temperature,16.677
2022-04-04 17:07:00,CO_2 concentration,525.5
2022-04-04 17:07:00,Humidity,32.176
2022-04-04 17:06:00,Temperature,16.697
2022-04-04 17:06:00,CO_2 concentration,526.0
2022-04-04 17:06:00,Humidity,32.0035
2022-04-04 17:05:00,Temperature,16.758499999999998
2022-04-04 17:05:00,CO_2 concentration,524.5
2022-04-04 17:05:00,Humidity,32.0445
2022-04-04 17:04:00,Temperature,16.759500000000003
2022-04-04 17:04:00,CO_2 concentration,524.5
2022-04-04 17:04:00,Humidity,32.0085
2022-04-04 17:03:00,Temperature,16.756999999999998
2022-04-04 17:03:00,CO_2 concentration,526.0
2022-04-04 17:03:00,Humidity,32.096000000000004
2022-04-04 17:02:00,Temperature,16.784999999999997
2022-04-04 17:02:00,CO_2 concentration,526.5
2022-04-04 17:02:00,Humidity,31.991
2022-04-04 17:01:00,Temperature,16.802
2022-04-04 17:01:00,CO_2 concentration,527.0
2022-04-04 17:01:00,Humidity,32.204499999999996
2022-04-04 17:00:00,Temperature,16.828
2022-04-04 17:00:00,CO_2 concentration,526.5
2022-04-04 17:00:00,Humidity,31.7055
2022-04-04 16:59:00,Temperature,16.814500000000002
2022-04-04 16:59:00,CO_2 concentration,522.0
2022-04-04 16:59:00,Humidity,31.994
2022-04-04 16:58:00,Temperature,16.809
2022-04-04 16:58:00,CO_2 concentration,517.0
2022-04-04 16:58:00,Humidity,32.556
2022-04-04 16:57:00,Temperature,16.7545
2022-04-04 16:57:00,CO_2 concentration,520.5
2022-04-04 16:57:00,Humidity,31.9495
2022-04-04 16:56:00,Temperature,16.755499999999998
2022-04-04 16:56:00,CO_2 concentration,524.0
2022-04-04 16:56:00,Humidity,31.912
2022-04-04 16:55:00,Temperature,16.7425
2022-04-04 16:55:00,CO_2 concentration,523.5
2022-04-04 16:55:00,Humidity,31.820999999999998
2022-04-04 16:54:00,Temperature,16.7305
2022-04-04 16:54:00,CO_2 concentration,521.5
2022-04-04 16:54:00,Humidity,31.8455
2022-04-04 16:53:00,Temperature,16.709
2022-04-04 16:53:00,CO_2 concentration,520.0
2022-04-04 16:53:00,Humidity,31.7225
2022-04-04 16:52:00,Temperature,16.7235
2022-04-04 16:52:00,CO_2 concentration,517.5
2022-04-04 16:52:00,Humidity,31.637500000000003
2022-04-04 16:51:00,Temperature,16.6665
2022-04-04 16:51:00,CO_2 concentration,522.5
2022-04-04 16:51:00,Humidity,31.7605
2022-04-04 16:50:00,Temperature,16.7
2022-04-04 16:50:00,CO_2 concentration,521.0
2022-04-04 16:50:00,Humidity,31.63
2022-04-04 16:49:00,Temperature,16.7155
2022-04-04 16:49:00,CO_2 concentration,520.5
2022-04-04 16:49:00,Humidity,31.6535
2022-04-04 16:48:00,Temperature,16.691499999999998
2022-04-04 16:48:00,CO_2 concentration,522.0
2022-04-04 16:48:00,Humidity,31.7505
2022-04-04 16:47:00,Temperature,16.725
2022-04-04 16:47:00,CO_2 concentration,521.5
2022-04-04 16:47:00,Humidity,31.6415
2022-04-04 16:46:00,Temperature,16.764
2022-04-04 16:46:00,CO_2 concentration,522.5
2022-04-04 16:46:00,Humidity,31.923499999999997
2022-04-04 16:45:00,Temperature,16.7955
2022-04-04 16:45:00,CO_2 concentration,526.5
2022-04-04 16:45:00,Humidity,32.0105
2022-04-04 16:44:00,Temperature,16.816000000000003
2022-04-04 16:44:00,CO_2 concentration,526.5
2022-04-04 16:44:00,Humidity,32.336
2022-04-04 16:43:00,Temperature,16.753999999999998
2022-04-04 16:43:00,CO_2 concentration,526.0
2022-04-04 16:43:00,Humidity,32.114999999999995
2022-04-04 16:42:00,Temperature,16.7425
2022-04-04 16:42:00,CO_2 concentration,524.5
2022-04-04 16:42:00,Humidity,32.251
2022-04-04 16:41:00,Temperature,16.759999999999998
2022-04-04 16:41:00,CO_2 concentration,527.0
2022-04-04 16:41:00,Humidity,32.201499999999996
2022-04-04 16:40:00,Temperature,16.6945
2022-04-04 16:40:00,CO_2 concentration,527.5
2022-04-04 16:40:00,Humidity,31.981
2022-04-04 16:39:00,Temperature,16.694499999999998
2022-04-04 16:39:00,CO_2 concentration,527.0
2022-04-04 16:39:00,Humidity,32.216499999999996
2022-04-04 16:38:00,Temperature,16.691499999999998
2022-04-04 16:38:00,CO_2 concentration,530.5
2022-04-04 16:38:00,Humidity,32.168
2022-04-04 16:37:00,Temperature,16.682499999999997
2022-04-04 16:37:00,CO_2 concentration,532.0
2022-04-04 16:37:00,Humidity,31.8945
2022-04-04 16:36:00,Temperature,16.732
2022-04-04 16:36:00,CO_2 concentration,533.0
2022-04-04 16:36:00,Humidity,32.002
2022-04-04 16:35:00,Temperature,16.697
2022-04-04 16:35:00,CO_2 concentration,538.0
2022-04-04 16:35:00,Humidity,31.6565
2022-04-04 16:34:00,Temperature,16.7515
2022-04-04 16:34:00,CO_2 concentration,549.5
2022-04-04 16:34:00,Humidity,31.7895
2022-04-04 16:33:00,Temperature,16.792
2022-04-04 16:33:00,CO_2 concentration,547.5
2022-04-04 16:33:00,Humidity,31.9425
2022-04-04 16:32:00,Temperature,16.78
2022-04-04 16:32:00,CO_2 concentration,549.0
2022-04-04 16:32:00,Humidity,31.9875
2022-04-04 16:31:00,Temperature,16.808999999999997
2022-04-04 16:31:00,CO_2 concentration,551.0
2022-04-04 16:31:00,Humidity,31.927999999999997
2022-04-04 16:30:00,Temperature,16.8625
2022-04-04 16:30:00,CO_2 concentration,553.0
2022-04-04 16:30:00,Humidity,31.9925
2022-04-04 16:29:00,Temperature,17.1535
2022-04-04 16:29:00,CO_2 concentration,554.0
2022-04-04 16:29:00,Humidity,31.505
2022-04-04 16:28:00,Temperature,17.9055
2022-04-04 16:28:00,CO_2 concentration,554.5
2022-04-04 16:28:00,Humidity,30.1355
2022-04-04 16:27:00,Temperature,19.82
2022-04-04 16:27:00,CO_2 concentration,569.0
2022-04-04 16:27:00,Humidity,27.118000000000002
2022-04-04 14:06:00,Temperature,18.500500000000002
2022-04-04 14:06:00,CO_2 concentration,590.0
2022-04-04 14:06:00,Humidity,31.8795
2022-04-04 14:05:00,Temperature,18.509
2022-04-04 14:05:00,CO_2 concentration,591.0
2022-04-04 14:05:00,Humidity,32.0005
2022-04-04 14:04:00,Temperature,18.5165
2022-04-04 14:04:00,CO_2 concentration,594.5
2022-04-04 14:04:00,Humidity,32.338
2022-04-04 14:03:00,Temperature,18.5395
2022-04-04 14:03:00,CO_2 concentration,597.0
2022-04-04 14:03:00,Humidity,32.3615
2022-04-04 14:02:00,Temperature,18.5325
2022-04-04 14:02:00,CO_2 concentration,595.0
2022-04-04 14:02:00,Humidity,32.2995
2022-04-04 14:01:00,Temperature,18.5355
2022-04-04 14:01:00,CO_2 concentration,596.5
2022-04-04 14:01:00,Humidity,32.555
2022-04-04 14:00:00,Temperature,18.555500000000002
2022-04-04 14:00:00,CO_2 concentration,603.5
2022-04-04 14:00:00,Humidity,32.509
2022-04-04 13:59:00,Temperature,18.5745
2022-04-04 13:59:00,CO_2 concentration,605.5
2022-04-04 13:59:00,Humidity,32.4725
2022-04-04 13:58:00,Temperature,18.581
2022-04-04 13:58:00,CO_2 concentration,604.5
2022-04-04 13:58:00,Humidity,32.441
2022-04-04 13:57:00,Temperature,18.613999999999997
2022-04-04 13:57:00,CO_2 concentration,605.0
2022-04-04 13:57:00,Humidity,32.361999999999995
2022-04-04 13:56:00,Temperature,18.6265
2022-04-04 13:56:00,CO_2 concentration,605.5
2022-04-04 13:56:00,Humidity,32.283
2022-04-04 13:55:00,Temperature,18.618499999999997
2022-04-04 13:55:00,CO_2 concentration,605.5
2022-04-04 13:55:00,Humidity,32.212500000000006
2022-04-04 13:54:00,Temperature,18.6505
2022-04-04 13:54:00,CO_2 concentration,608.0
2022-04-04 13:54:00,Humidity,32.1495
2022-04-04 13:53:00,Temperature,18.689
2022-04-04 13:53:00,CO_2 concentration,610.0
2022-04-04 13:53:00,Humidity,32.209
2022-04-04 13:52:00,Temperature,18.712
2022-04-04 13:52:00,CO_2 concentration,612.5
2022-04-04 13:52:00,Humidity,32.079499999999996
2022-04-04 13:51:00,Temperature,18.7515
2022-04-04 13:51:00,CO_2 concentration,613.5
2022-04-04 13:51:00,Humidity,31.959
2022-04-04 13:50:00,Temperature,18.808999999999997
2022-04-04 13:50:00,CO_2 concentration,616.0
2022-04-04 13:50:00,Humidity,31.9085
2022-04-04 13:49:00,Temperature,18.8655
2022-04-04 13:49:00,CO_2 concentration,614.0
2022-04-04 13:49:00,Humidity,31.805999999999997
2022-04-04 13:48:00,Temperature,18.927999999999997
2022-04-04 13:48:00,CO_2 concentration,614.0
2022-04-04 13:48:00,Humidity,31.6625
2022-04-04 13:47:00,Temperature,18.9745
2022-04-04 13:47:00,CO_2 concentration,616.0
2022-04-04 13:47:00,Humidity,31.6815
2022-04-04 13:46:00,Temperature,19.069499999999998
2022-04-04 13:46:00,CO_2 concentration,620.0
2022-04-04 13:46:00,Humidity,31.5315
2022-04-04 13:45:00,Temperature,19.131
2022-04-04 13:45:00,CO_2 concentration,622.0
2022-04-04 13:45:00,Humidity,31.439999999999998
2022-04-04 13:44:00,Temperature,19.19
2022-04-04 13:44:00,CO_2 concentration,624.5
2022-04-04 13:44:00,Humidity,31.3355
2022-04-04 13:43:00,Temperature,19.335
2022-04-04 13:43:00,CO_2 concentration,627.5
2022-04-04 13:43:00,Humidity,31.136499999999998
2022-04-04 13:42:00,Temperature,19.435499999999998
2022-04-04 13:42:00,CO_2 concentration,629.0
2022-04-04 13:42:00,Humidity,31.0225
2022-04-04 13:41:00,Temperature,19.5235
2022-04-04 13:41:00,CO_2 concentration,632.0
2022-04-04 13:41:00,Humidity,30.891
2022-04-04 13:40:00,Temperature,19.645
2022-04-04 13:40:00,CO_2 concentration,633.5
2022-04-04 13:40:00,Humidity,30.764
2022-04-04 13:39:00,Temperature,19.752000000000002
2022-04-04 13:39:00,CO_2 concentration,637.5
2022-04-04 13:39:00,Humidity,30.64
2022-04-04 13:38:00,Temperature,19.8495
2022-04-04 13:38:00,CO_2 concentration,638.5
2022-04-04 13:38:00,Humidity,30.576500000000003
2022-04-04 13:37:00,Temperature,19.981499999999997
2022-04-04 13:37:00,CO_2 concentration,640.0
2022-04-04 13:37:00,Humidity,30.576500000000003
2022-04-04 13:36:00,Temperature,20.0445
2022-04-04 13:36:00,CO_2 concentration,644.5
2022-04-04 13:36:00,Humidity,30.573
2022-04-04 13:35:00,Temperature,20.164
2022-04-04 13:35:00,CO_2 concentration,655.5
2022-04-04 13:35:00,Humidity,30.5765
2022-04-04 13:34:00,Temperature,20.163
2022-04-04 13:34:00,CO_2 concentration,658.0
2022-04-04 13:34:00,Humidity,30.6295
2022-04-04 13:33:00,Temperature,20.079
2022-04-04 13:33:00,CO_2 concentration,660.0
2022-04-04 13:33:00,Humidity,30.8685
2022-04-04 13:32:00,Temperature,19.9575
2022-04-04 13:32:00,CO_2 concentration,664.5
2022-04-04 13:32:00,Humidity,31.04
2022-04-04 13:31:00,Temperature,19.759999999999998
2022-04-04 13:31:00,CO_2 concentration,669.5
2022-04-04 13:31:00,Humidity,31.208
2022-04-04 13:30:00,Temperature,19.618499999999997
2022-04-04 13:30:00,CO_2 concentration,672.0
2022-04-04 13:30:00,Humidity,31.3345
2022-04-04 13:29:00,Temperature,19.804000000000002
2022-04-04 13:29:00,CO_2 concentration,674.5
2022-04-04 13:29:00,Humidity,31.208
2022-04-04 13:28:00,Temperature,19.866999999999997
2022-04-04 13:28:00,CO_2 concentration,676.5
2022-04-04 13:28:00,Humidity,31.107
2022-04-04 13:27:00,Temperature,20.03
2022-04-04 13:27:00,CO_2 concentration,676.5
2022-04-04 13:27:00,Humidity,30.950499999999998
2022-04-04 13:26:00,Temperature,20.0895
2022-04-04 13:26:00,CO_2 concentration,676.5
2022-04-04 13:26:00,Humidity,30.883000000000003
2022-04-04 13:25:00,Temperature,20.113500000000002
2022-04-04 13:25:00,CO_2 concentration,681.5
2022-04-04 13:25:00,Humidity,30.8515
2022-04-04 13:24:00,Temperature,20.0805
2022-04-04 13:24:00,CO_2 concentration,685.0
2022-04-04 13:24:00,Humidity,30.831
2022-04-04 13:23:00,Temperature,20.0495
2022-04-04 13:23:00,CO_2 concentration,710.0
2022-04-04 13:23:00,Humidity,31.174500000000002
2022-04-04 13:22:00,Temperature,20.075
2022-04-04 13:22:00,CO_2 concentration,715.0
2022-04-04 13:22:00,Humidity,31.305
2022-04-04 13:21:00,Temperature,20.0645
2022-04-04 13:21:00,CO_2 concentration,713.0
2022-04-04 13:21:00,Humidity,31.436999999999998
2022-04-04 13:20:00,Temperature,20.0775
2022-04-04 13:20:00,CO_2 concentration,719.5
2022-04-04 13:20:00,Humidity,31.5255
2022-04-04 13:19:00,Temperature,20.1725
2022-04-04 13:19:00,CO_2 concentration,729.5
2022-04-04 13:19:00,Humidity,31.5345
2022-04-04 13:18:00,Temperature,20.227
2022-04-04 13:18:00,CO_2 concentration,730.0
2022-04-04 13:18:00,Humidity,31.447499999999998
2022-04-04 13:17:00,Temperature,20.2835
2022-04-04 13:17:00,CO_2 concentration,731.5
2022-04-04 13:17:00,Humidity,31.430999999999997
2022-04-04 13:16:00,Temperature,20.354
2022-04-04 13:16:00,CO_2 concentration,732.5
2022-04-04 13:16:00,Humidity,31.2715
2022-04-04 13:15:00,Temperature,20.331
2022-04-04 13:15:00,CO_2 concentration,733.5
2022-04-04 13:15:00,Humidity,31.628999999999998
2022-04-04 13:14:00,Temperature,20.274
2022-04-04 13:14:00,CO_2 concentration,734.0
2022-04-04 13:14:00,Humidity,31.763
2022-04-04 13:13:00,Temperature,20.136499999999998
2022-04-04 13:13:00,CO_2 concentration,735.0
2022-04-04 13:13:00,Humidity,31.9605
2022-04-04 13:12:00,Temperature,19.929499999999997
2022-04-04 13:12:00,CO_2 concentration,736.0
2022-04-04 13:12:00,Humidity,32.281499999999994
2022-04-04 13:11:00,Temperature,19.7665
2022-04-04 13:11:00,CO_2 concentration,736.0
2022-04-04 13:11:00,Humidity,32.4905
2022-04-04 13:10:00,Temperature,19.5945
2022-04-04 13:10:00,CO_2 concentration,736.5
2022-04-04 13:10:00,Humidity,32.809
2022-04-04 13:09:00,Temperature,19.6585
2022-04-04 13:09:00,CO_2 concentration,734.0
2022-04-04 13:09:00,Humidity,32.714
2022-04-04 13:08:00,Temperature,19.729
2022-04-04 13:08:00,CO_2 concentration,733.5
2022-04-04 13:08:00,Humidity,32.521
2022-04-04 13:07:00,Temperature,19.8265
2022-04-04 13:07:00,CO_2 concentration,734.0
2022-04-04 13:07:00,Humidity,31.953500000000002
2022-04-04 13:06:00,Temperature,20.020000000000003
2022-04-04 13:06:00,CO_2 concentration,747.5
2022-04-04 13:06:00,Humidity,31.551499999999997
2022-04-04 13:05:00,Temperature,20.2845
2022-04-04 13:05:00,CO_2 concentration,749.5
2022-04-04 13:05:00,Humidity,31.753
2022-04-04 13:04:00,Temperature,20.6775
2022-04-04 13:04:00,CO_2 concentration,753.5
2022-04-04 13:04:00,Humidity,31.3915
2022-04-04 13:03:00,Temperature,20.747500000000002
2022-04-04 13:03:00,CO_2 concentration,744.0
2022-04-04 13:03:00,Humidity,31.045
2022-04-04 13:02:00,Temperature,20.735999999999997
2022-04-04 13:02:00,CO_2 concentration,744.5
2022-04-04 13:02:00,Humidity,31.098
2022-04-04 13:01:00,Temperature,20.813499999999998
2022-04-04 13:01:00,CO_2 concentration,746.0
2022-04-04 13:01:00,Humidity,31.137999999999998
2022-04-04 13:00:00,Temperature,21.2765
2022-04-04 13:00:00,CO_2 concentration,743.5
2022-04-04 13:00:00,Humidity,30.8385
2022-04-04 12:59:00,Temperature,21.466
2022-04-04 12:59:00,CO_2 concentration,744.0
2022-04-04 12:59:00,Humidity,30.8155
2022-04-04 12:58:00,Temperature,21.4405
2022-04-04 12:58:00,CO_2 concentration,739.0
2022-04-04 12:58:00,Humidity,30.9135
2022-04-04 12:57:00,Temperature,21.317
2022-04-04 12:57:00,CO_2 concentration,741.0
2022-04-04 12:57:00,Humidity,30.597
2022-04-04 12:56:00,Temperature,21.222
2022-04-04 12:56:00,CO_2 concentration,741.0
2022-04-04 12:56:00,Humidity,30.875500000000002
2022-04-04 12:55:00,Temperature,21.1175
2022-04-04 12:55:00,CO_2 concentration,744.0
2022-04-04 12:55:00,Humidity,31.0715
2022-04-04 12:54:00,Temperature,21.016
2022-04-04 12:54:00,CO_2 concentration,728.0
2022-04-04 12:54:00,Humidity,31.6985
2022-04-04 12:53:00,Temperature,20.892
2022-04-04 12:53:00,CO_2 concentration,707.0
2022-04-04 12:53:00,Humidity,31.429499999999997
2022-04-04 12:52:00,Temperature,20.752000000000002
2022-04-04 12:52:00,CO_2 concentration,706.0
2022-04-04 12:52:00,Humidity,31.4675
2022-04-04 12:51:00,Temperature,20.551499999999997
2022-04-04 12:51:00,CO_2 concentration,705.5
2022-04-04 12:51:00,Humidity,31.474
2022-04-04 12:50:00,Temperature,20.360500000000002
2022-04-04 12:50:00,CO_2 concentration,704.5
2022-04-04 12:50:00,Humidity,31.932000000000002
2022-04-04 12:49:00,Temperature,20.016
2022-04-04 12:49:00,CO_2 concentration,701.0
2022-04-04 12:49:00,Humidity,32.3805
2022-04-04 12:48:00,Temperature,20.174999999999997
2022-04-04 12:48:00,CO_2 concentration,700.0
2022-04-04 12:48:00,Humidity,32.278
2022-04-04 12:47:00,Temperature,20.027
2022-04-04 12:47:00,CO_2 concentration,696.5
2022-04-04 12:47:00,Humidity,32.5655
2022-04-04 12:46:00,Temperature,19.686500000000002
2022-04-04 12:46:00,CO_2 concentration,696.0
2022-04-04 12:46:00,Humidity,33.0245
2022-04-04 12:45:00,Temperature,19.734499999999997
2022-04-04 12:45:00,CO_2 concentration,696.5
2022-04-04 12:45:00,Humidity,33.127
2022-04-04 12:44:00,Temperature,20.012
2022-04-04 12:44:00,CO_2 concentration,683.5
2022-04-04 12:44:00,Humidity,32.903999999999996
2022-04-04 12:43:00,Temperature,19.7785
2022-04-04 12:43:00,CO_2 concentration,681.0
2022-04-04 12:43:00,Humidity,33.013999999999996
2022-04-04 12:42:00,Temperature,20.070999999999998
2022-04-04 12:42:00,CO_2 concentration,673.0
2022-04-04 12:42:00,Humidity,32.5845
2022-04-04 12:41:00,Temperature,20.084
2022-04-04 12:41:00,CO_2 concentration,670.0
2022-04-04 12:41:00,Humidity,32.3275
2022-04-04 12:40:00,Temperature,19.92
2022-04-04 12:40:00,CO_2 concentration,659.0
2022-04-04 12:40:00,Humidity,32.498000000000005
2022-04-04 12:39:00,Temperature,19.634500000000003
2022-04-04 12:39:00,CO_2 concentration,652.0
2022-04-04 12:39:00,Humidity,32.9735
2022-04-04 12:38:00,Temperature,19.3365
2022-04-04 12:38:00,CO_2 concentration,644.5
2022-04-04 12:38:00,Humidity,32.5205
2022-04-04 12:37:00,Temperature,19.047
2022-04-04 12:37:00,CO_2 concentration,646.0
2022-04-04 12:37:00,Humidity,32.572
2022-04-04 12:36:00,Temperature,19.002499999999998
2022-04-04 12:36:00,CO_2 concentration,645.0
2022-04-04 12:36:00,Humidity,32.965
2022-04-04 12:35:00,Temperature,19.027
2022-04-04 12:35:00,CO_2 concentration,656.0
2022-04-04 12:35:00,Humidity,32.941500000000005
2022-04-04 12:34:00,Temperature,19.027
2022-04-04 12:34:00,CO_2 concentration,667.0
2022-04-04 12:34:00,Humidity,33.825
2022-04-04 12:33:00,Temperature,19.06
2022-04-04 12:33:00,CO_2 concentration,666.5
2022-04-04 12:33:00,Humidity,33.5235
2022-04-04 12:32:00,Temperature,19.115000000000002
2022-04-04 12:32:00,CO_2 concentration,673.0
2022-04-04 12:32:00,Humidity,33.641
2022-04-04 12:31:00,Temperature,19.144
2022-04-04 12:31:00,CO_2 concentration,675.0
2022-04-04 12:31:00,Humidity,33.11
2022-04-04 12:30:00,Temperature,19.241500000000002
2022-04-04 12:30:00,CO_2 concentration,683.0
2022-04-04 12:30:00,Humidity,33.066500000000005
2022-04-04 12:29:00,Temperature,19.2765
2022-04-04 12:29:00,CO_2 concentration,705.5
2022-04-04 12:29:00,Humidity,33.430499999999995
2022-04-04 12:28:00,Temperature,19.4325
2022-04-04 12:28:00,CO_2 concentration,707.5
2022-04-04 12:28:00,Humidity,34.3485
2022-04-04 12:27:00,Temperature,19.564999999999998
2022-04-04 12:27:00,CO_2 concentration,706.0
2022-04-04 12:27:00,Humidity,34.513000000000005
2022-04-04 12:26:00,Temperature,19.502000000000002
2022-04-04 12:26:00,CO_2 concentration,705.5
2022-04-04 12:26:00,Humidity,34.564
2022-04-04 12:25:00,Temperature,19.445999999999998
2022-04-04 12:25:00,CO_2 concentration,701.5
2022-04-04 12:25:00,Humidity,34.474000000000004
2022-04-04 12:24:00,Temperature,19.35
2022-04-04 12:24:00,CO_2 concentration,697.5
2022-04-04 12:24:00,Humidity,34.192499999999995
2022-04-04 12:23:00,Temperature,19.2815
2022-04-04 12:23:00,CO_2 concentration,680.0
2022-04-04 12:23:00,Humidity,33.9765
2022-04-04 12:22:00,Temperature,19.174
2022-04-04 12:22:00,CO_2 concentration,673.5
2022-04-04 12:22:00,Humidity,33.743
2022-04-04 12:21:00,Temperature,19.099
2022-04-04 12:21:00,CO_2 concentration,680.5
2022-04-04 12:21:00,Humidity,33.4995
2022-04-04 12:20:00,Temperature,19.0255
2022-04-04 12:20:00,CO_2 concentration,699.0
2022-04-04 12:20:00,Humidity,33.888000000000005
2022-04-04 12:19:00,Temperature,19.0285
2022-04-04 12:19:00,CO_2 concentration,700.5
2022-04-04 12:19:00,Humidity,34.117
2022-04-04 12:18:00,Temperature,19.016
2022-04-04 12:18:00,CO_2 concentration,696.5
2022-04-04 12:18:00,Humidity,34.2195
2022-04-04 12:17:00,Temperature,18.929000000000002
2022-04-04 12:17:00,CO_2 concentration,695.5
2022-04-04 12:17:00,Humidity,34.2535
2022-04-04 12:16:00,Temperature,18.8375
2022-04-04 12:16:00,CO_2 concentration,697.0
2022-04-04 12:16:00,Humidity,33.9215
2022-04-04 12:15:00,Temperature,18.743499999999997
2022-04-04 12:15:00,CO_2 concentration,703.5
2022-04-04 12:15:00,Humidity,33.986
2022-04-04 12:14:00,Temperature,18.741
2022-04-04 12:14:00,CO_2 concentration,709.0
2022-04-04 12:14:00,Humidity,34.223
2022-04-04 12:13:00,Temperature,18.777
2022-04-04 12:13:00,CO_2 concentration,703.0
2022-04-04 12:13:00,Humidity,34.5035
2022-04-04 12:12:00,Temperature,18.8265
2022-04-04 12:12:00,CO_2 concentration,703.0
2022-04-04 12:12:00,Humidity,34.534000000000006
2022-04-04 12:11:00,Temperature,18.808
2022-04-04 12:11:00,CO_2 concentration,696.0
2022-04-04 12:11:00,Humidity,34.433
2022-04-04 12:10:00,Temperature,18.753
2022-04-04 12:10:00,CO_2 concentration,684.5
2022-04-04 12:10:00,Humidity,33.789
2022-04-04 12:09:00,Temperature,18.689
2022-04-04 12:09:00,CO_2 concentration,686.0
2022-04-04 12:09:00,Humidity,32.822500000000005
2022-04-04 12:08:00,Temperature,18.6475
2022-04-04 12:08:00,CO_2 concentration,689.5
2022-04-04 12:08:00,Humidity,33.6495
2022-04-04 12:07:00,Temperature,18.665
2022-04-04 12:07:00,CO_2 concentration,690.0
2022-04-04 12:07:00,Humidity,34.099500000000006
2022-04-04 12:06:00,Temperature,18.709
2022-04-04 12:06:00,CO_2 concentration,688.0
2022-04-04 12:06:00,Humidity,33.954
2022-04-04 12:05:00,Temperature,18.709
2022-04-04 12:05:00,CO_2 concentration,689.5
2022-04-04 12:05:00,Humidity,34.1065
2022-04-04 12:04:00,Temperature,18.674
2022-04-04 12:04:00,CO_2 concentration,687.0
2022-04-04 12:04:00,Humidity,33.994
2022-04-04 12:03:00,Temperature,18.641
2022-04-04 12:03:00,CO_2 concentration,683.5
2022-04-04 12:03:00,Humidity,33.817
2022-04-04 12:02:00,Temperature,18.65
2022-04-04 12:02:00,CO_2 concentration,659.0
2022-04-04 12:02:00,Humidity,33.909
2022-04-04 12:01:00,Temperature,18.5945
2022-04-04 12:01:00,CO_2 concentration,657.0
2022-04-04 12:01:00,Humidity,33.536500000000004
2022-04-04 12:00:00,Temperature,18.576999999999998
2022-04-04 12:00:00,CO_2 concentration,652.0
2022-04-04 12:00:00,Humidity,34.147
2022-04-04 11:59:00,Temperature,18.5715
2022-04-04 11:59:00,CO_2 concentration,589.5
2022-04-04 11:59:00,Humidity,33.373000000000005
2022-04-04 11:58:00,Temperature,18.519
2022-04-04 11:58:00,CO_2 concentration,591.0
2022-04-04 11:58:00,Humidity,33.3615
2022-04-04 11:57:00,Temperature,18.548000000000002
2022-04-04 11:57:00,CO_2 concentration,594.0
2022-04-04 11:57:00,Humidity,33.509
2022-04-04 11:56:00,Temperature,18.506
2022-04-04 11:56:00,CO_2 concentration,587.0
2022-04-04 11:56:00,Humidity,33.835499999999996
2022-04-04 11:55:00,Temperature,18.4955
2022-04-04 11:55:00,CO_2 concentration,579.0
2022-04-04 11:55:00,Humidity,33.7585
2022-04-04 11:54:00,Temperature,18.466
2022-04-04 11:54:00,CO_2 concentration,575.5
2022-04-04 11:54:00,Humidity,33.67
2022-04-04 11:53:00,Temperature,18.442999999999998
2022-04-04 11:53:00,CO_2 concentration,575.5
2022-04-04 11:53:00,Humidity,33.8105
2022-04-04 11:52:00,Temperature,18.444499999999998
2022-04-04 11:52:00,CO_2 concentration,575.0
2022-04-04 11:52:00,Humidity,33.7205
2022-04-04 11:51:00,Temperature,18.413
2022-04-04 11:51:00,CO_2 concentration,575.0
2022-04-04 11:51:00,Humidity,33.724000000000004
2022-04-04 11:50:00,Temperature,18.39
2022-04-04 11:50:00,CO_2 concentration,574.0
2022-04-04 11:50:00,Humidity,33.8895
2022-04-04 11:49:00,Temperature,18.363
2022-04-04 11:49:00,CO_2 concentration,573.0
2022-04-04 11:49:00,Humidity,34.0075
2022-04-04 11:48:00,Temperature,18.357
2022-04-04 11:48:00,CO_2 concentration,573.0
2022-04-04 11:48:00,Humidity,33.846000000000004
2022-04-04 11:47:00,Temperature,18.347
2022-04-04 11:47:00,CO_2 concentration,576.0
2022-04-04 11:47:00,Humidity,33.96
2022-04-04 11:46:00,Temperature,18.322000000000003
2022-04-04 11:46:00,CO_2 concentration,578.0
2022-04-04 11:46:00,Humidity,34.150499999999994
2022-04-04 11:45:00,Temperature,18.322
2022-04-04 11:45:00,CO_2 concentration,579.5
2022-04-04 11:45:00,Humidity,34.031
2022-04-04 11:44:00,Temperature,18.33
2022-04-04 11:44:00,CO_2 concentration,582.0
2022-04-04 11:44:00,Humidity,34.247
2022-04-04 11:43:00,Temperature,18.3445
2022-04-04 11:43:00,CO_2 concentration,580.5
2022-04-04 11:43:00,Humidity,34.5475
2022-04-04 11:42:00,Temperature,18.3005
2022-04-04 11:42:00,CO_2 concentration,580.5
2022-04-04 11:42:00,Humidity,34.321
2022-04-04 11:41:00,Temperature,18.2575
2022-04-04 11:41:00,CO_2 concentration,583.0
2022-04-04 11:41:00,Humidity,34.3795
2022-04-04 11:40:00,Temperature,18.211
2022-04-04 11:40:00,CO_2 concentration,581.5
2022-04-04 11:40:00,Humidity,34.2515
2022-04-04 11:39:00,Temperature,18.168
2022-04-04 11:39:00,CO_2 concentration,582.0
2022-04-04 11:39:00,Humidity,34.2465
2022-04-04 11:38:00,Temperature,18.151
2022-04-04 11:38:00,CO_2 concentration,563.5
2022-04-04 11:38:00,Humidity,34.194
2022-04-04 11:37:00,Temperature,18.122999999999998
2022-04-04 11:37:00,CO_2 concentration,538.5
2022-04-04 11:37:00,Humidity,34.05
2022-04-04 11:36:00,Temperature,18.0925
2022-04-04 11:36:00,CO_2 concentration,537.0
2022-04-04 11:36:00,Humidity,34.0075
2022-04-04 11:35:00,Temperature,18.087
2022-04-04 11:35:00,CO_2 concentration,537.0
2022-04-04 11:35:00,Humidity,33.88549999999999
2022-04-04 11:34:00,Temperature,18.052500000000002
2022-04-04 11:34:00,CO_2 concentration,535.5
2022-04-04 11:34:00,Humidity,33.9255
2022-04-04 11:33:00,Temperature,18.0265
2022-04-04 11:33:00,CO_2 concentration,532.5
2022-04-04 11:33:00,Humidity,33.959999999999994
2022-04-04 11:32:00,Temperature,18.012
2022-04-04 11:32:00,CO_2 concentration,529.0
2022-04-04 11:32:00,Humidity,34.31
2022-04-04 11:31:00,Temperature,18.019
2022-04-04 11:31:00,CO_2 concentration,527.0
2022-04-04 11:31:00,Humidity,34.43
2022-04-04 11:30:00,Temperature,18.008
2022-04-04 11:30:00,CO_2 concentration,524.0
2022-04-04 11:30:00,Humidity,34.2285
2022-04-04 11:29:00,Temperature,17.984
2022-04-04 11:29:00,CO_2 concentration,521.5
2022-04-04 11:29:00,Humidity,34.3245
2022-04-04 11:28:00,Temperature,17.950499999999998
2022-04-04 11:28:00,CO_2 concentration,519.5
2022-04-04 11:28:00,Humidity,34.6075
2022-04-04 11:27:00,Temperature,17.938499999999998
2022-04-04 11:27:00,CO_2 concentration,522.0
2022-04-04 11:27:00,Humidity,34.762
2022-04-04 11:26:00,Temperature,17.936
2022-04-04 11:26:00,CO_2 concentration,522.5
2022-04-04 11:26:00,Humidity,34.941
2022-04-04 11:25:00,Temperature,17.9
2022-04-04 11:25:00,CO_2 concentration,522.5
2022-04-04 11:25:00,Humidity,34.943
2022-04-04 11:24:00,Temperature,17.903
2022-04-04 11:24:00,CO_2 concentration,521.5
2022-04-04 11:24:00,Humidity,34.7815
2022-04-04 11:23:00,Temperature,17.8455
2022-04-04 11:23:00,CO_2 concentration,521.0
2022-04-04 11:23:00,Humidity,34.771
2022-04-04 11:22:00,Temperature,17.814999999999998
2022-04-04 11:22:00,CO_2 concentration,523.0
2022-04-04 11:22:00,Humidity,34.947
2022-04-04 11:21:00,Temperature,17.823999999999998
2022-04-04 11:21:00,CO_2 concentration,524.5
2022-04-04 11:21:00,Humidity,35.205
2022-04-04 11:20:00,Temperature,17.773
2022-04-04 11:20:00,CO_2 concentration,526.0
2022-04-04 11:20:00,Humidity,35.2965
2022-04-04 11:19:00,Temperature,17.714
2022-04-04 11:19:00,CO_2 concentration,523.5
2022-04-04 11:19:00,Humidity,35.3545
2022-04-04 11:18:00,Temperature,17.6705
2022-04-04 11:18:00,CO_2 concentration,523.0
2022-04-04 11:18:00,Humidity,35.327
2022-04-04 11:17:00,Temperature,17.6555
2022-04-04 11:17:00,CO_2 concentration,522.5
2022-04-04 11:17:00,Humidity,35.34
2022-04-04 11:16:00,Temperature,17.613
2022-04-04 11:16:00,CO_2 concentration,522.0
2022-04-04 11:16:00,Humidity,35.3095
2022-04-04 11:15:00,Temperature,17.561
2022-04-04 11:15:00,CO_2 concentration,525.0
2022-04-04 11:15:00,Humidity,35.1815
2022-04-04 11:14:00,Temperature,17.509999999999998
2022-04-04 11:14:00,CO_2 concentration,524.0
2022-04-04 11:14:00,Humidity,35.241
2022-04-04 11:13:00,Temperature,17.4765
2022-04-04 11:13:00,CO_2 concentration,525.0
2022-04-04 11:13:00,Humidity,35.4005
2022-04-04 11:12:00,Temperature,17.4165
2022-04-04 11:12:00,CO_2 concentration,521.0
2022-04-04 11:12:00,Humidity,35.607
2022-04-04 11:11:00,Temperature,17.389
2022-04-04 11:11:00,CO_2 concentration,524.0
2022-04-04 11:11:00,Humidity,35.570499999999996
2022-04-04 11:10:00,Temperature,17.367
2022-04-04 11:10:00,CO_2 concentration,521.5
2022-04-04 11:10:00,Humidity,35.6645
2022-04-04 11:09:00,Temperature,17.314
2022-04-04 11:09:00,CO_2 concentration,521.5
2022-04-04 11:09:00,Humidity,35.2565
2022-04-04 11:08:00,Temperature,17.2805
2022-04-04 11:08:00,CO_2 concentration,522.0
2022-04-04 11:08:00,Humidity,34.5405
2022-04-04 11:07:00,Temperature,17.262999999999998
2022-04-04 11:07:00,CO_2 concentration,527.5
2022-04-04 11:07:00,Humidity,34.082
2022-04-04 11:06:00,Temperature,17.244500000000002
2022-04-04 11:06:00,CO_2 concentration,526.5
2022-04-04 11:06:00,Humidity,33.458
2022-04-04 11:05:00,Temperature,17.251
2022-04-04 11:05:00,CO_2 concentration,527.0
2022-04-04 11:05:00,Humidity,32.4645
2022-04-04 11:04:00,Temperature,17.222
2022-04-04 11:04:00,CO_2 concentration,527.0
2022-04-04 11:04:00,Humidity,32.2365
2022-04-04 11:03:00,Temperature,17.201500000000003
2022-04-04 11:03:00,CO_2 concentration,528.0
2022-04-04 11:03:00,Humidity,32.055
2022-04-04 11:02:00,Temperature,17.2295
2022-04-04 11:02:00,CO_2 concentration,528.0
2022-04-04 11:02:00,Humidity,32.548500000000004
2022-04-04 11:01:00,Temperature,17.215
2022-04-04 11:01:00,CO_2 concentration,530.5
2022-04-04 11:01:00,Humidity,32.7005
2022-04-04 11:00:00,Temperature,17.2365
2022-04-04 11:00:00,CO_2 concentration,533.5
2022-04-04 11:00:00,Humidity,33.455
2022-04-04 10:59:00,Temperature,17.2365
2022-04-04 10:59:00,CO_2 concentration,534.0
2022-04-04 10:59:00,Humidity,33.5015
2022-04-04 10:58:00,Temperature,17.252499999999998
2022-04-04 10:58:00,CO_2 concentration,533.0
2022-04-04 10:58:00,Humidity,33.454
2022-04-04 10:57:00,Temperature,17.2895
2022-04-04 10:57:00,CO_2 concentration,535.0
2022-04-04 10:57:00,Humidity,33.790499999999994
2022-04-04 10:56:00,Temperature,17.299
2022-04-04 10:56:00,CO_2 concentration,538.5
2022-04-04 10:56:00,Humidity,34.1325
2022-04-04 10:55:00,Temperature,17.310000000000002
2022-04-04 10:55:00,CO_2 concentration,538.5
2022-04-04 10:55:00,Humidity,34.43
2022-04-04 10:54:00,Temperature,17.315
2022-04-04 10:54:00,CO_2 concentration,541.0
2022-04-04 10:54:00,Humidity,34.8455
2022-04-04 10:53:00,Temperature,17.3435
2022-04-04 10:53:00,CO_2 concentration,541.5
2022-04-04 10:53:00,Humidity,34.7915
2022-04-04 10:52:00,Temperature,17.3395
2022-04-04 10:52:00,CO_2 concentration,542.0
2022-04-04 10:52:00,Humidity,34.814
2022-04-04 10:51:00,Temperature,17.3445
2022-04-04 10:51:00,CO_2 concentration,544.5
2022-04-04 10:51:00,Humidity,34.9015
2022-04-04 10:50:00,Temperature,17.302999999999997
2022-04-04 10:50:00,CO_2 concentration,545.5
2022-04-04 10:50:00,Humidity,35.193
2022-04-04 10:49:00,Temperature,17.287
2022-04-04 10:49:00,CO_2 concentration,545.5
2022-04-04 10:49:00,Humidity,35.269499999999994
2022-04-04 10:48:00,Temperature,17.27
2022-04-04 10:48:00,CO_2 concentration,546.0
2022-04-04 10:48:00,Humidity,35.2335
2022-04-04 10:47:00,Temperature,17.2365
2022-04-04 10:47:00,CO_2 concentration,551.5
2022-04-04 10:47:00,Humidity,35.287499999999994
2022-04-04 10:46:00,Temperature,17.186999999999998
2022-04-04 10:46:00,CO_2 concentration,556.0
2022-04-04 10:46:00,Humidity,35.2425
2022-04-04 10:45:00,Temperature,17.136000000000003
2022-04-04 10:45:00,CO_2 concentration,558.0
2022-04-04 10:45:00,Humidity,35.037
2022-04-04 10:44:00,Temperature,17.1085
2022-04-04 10:44:00,CO_2 concentration,559.5
2022-04-04 10:44:00,Humidity,34.748
2022-04-04 10:43:00,Temperature,17.0925
2022-04-04 10:43:00,CO_2 concentration,562.0
2022-04-04 10:43:00,Humidity,34.7565
2022-04-04 10:42:00,Temperature,17.1175
2022-04-04 10:42:00,CO_2 concentration,573.5
2022-04-04 10:42:00,Humidity,34.8225
2022-04-04 10:41:00,Temperature,17.1845
2022-04-04 10:41:00,CO_2 concentration,575.5
2022-04-04 10:41:00,Humidity,34.938
2022-04-04 10:40:00,Temperature,17.2765
2022-04-04 10:40:00,CO_2 concentration,577.0
2022-04-04 10:40:00,Humidity,34.8775
2022-04-04 10:39:00,Temperature,17.683500000000002
2022-04-04 10:39:00,CO_2 concentration,582.5
2022-04-04 10:39:00,Humidity,33.969
2022-04-04 10:38:00,Temperature,18.797
2022-04-04 10:38:00,CO_2 concentration,589.5
2022-04-04 10:38:00,Humidity,31.5765
2022-04-04 10:37:00,Temperature,6.878666666666667
2022-04-04 10:37:00,CO_2 concentration,3531.6666666666665
2022-04-04 10:37:00,Humidity,10.077
2022-04-04 10:36:00,Temperature,0.0
2022-04-04 10:36:00,CO_2 concentration,10000.0
2022-04-04 10:36:00,Humidity,1.992
2022-04-04 10:35:00,Temperature,0.0
2022-04-04 10:35:00,CO_2 concentration,10000.0
2022-04-04 10:35:00,Humidity,1.992
2022-04-04 10:34:00,Temperature,0.0
2022-04-04 10:34:00,CO_2 concentration,10000.0
2022-04-04 10:34:00,Humidity,1.992
2022-04-04 10:33:00,Temperature,0.0
2022-04-04 10:33:00,CO_2 concentration,10000.0
2022-04-04 10:33:00,Humidity,1.992
2022-04-04 10:32:00,Temperature,0.0
2022-04-04 10:32:00,CO_2 concentration,10000.0
2022-04-04 10:32:00,Humidity,1.992
2022-04-04 10:31:00,Temperature,0.0
2022-04-04 10:31:00,CO_2 concentration,10000.0
2022-04-04 10:31:00,Humidity,1.992
2022-04-04 10:30:00,Temperature,0.0
2022-04-04 10:30:00,CO_2 concentration,10000.0
2022-04-04 10:30:00,Humidity,1.992
2022-04-04 10:29:00,Temperature,0.0
2022-04-04 10:29:00,CO_2 concentration,10000.0
2022-04-04 10:29:00,Humidity,1.992
2022-04-04 10:28:00,Temperature,0.0
2022-04-04 10:28:00,CO_2 concentration,10000.0
2022-04-04 10:28:00,Humidity,1.992
2022-04-04 10:27:00,Temperature,0.0
2022-04-04 10:27:00,CO_2 concentration,10000.0
2022-04-04 10:27:00,Humidity,1.992
2022-04-04 10:26:00,Temperature,0.0
2022-04-04 10:26:00,CO_2 concentration,10000.0
2022-04-04 10:26:00,Humidity,1.992
2022-04-04 10:25:00,Temperature,0.0
2022-04-04 10:25:00,CO_2 concentration,10000.0
2022-04-04 10:25:00,Humidity,1.992
2022-04-04 10:24:00,Temperature,0.0
2022-04-04 10:24:00,CO_2 concentration,10000.0
2022-04-04 10:24:00,Humidity,1.992
2022-04-04 10:23:00,Temperature,0.0
2022-04-04 10:23:00,CO_2 concentration,10000.0
2022-04-04 10:23:00,Humidity,1.992
2022-04-04 10:22:00,Temperature,0.0
2022-04-04 10:22:00,CO_2 concentration,10000.0
2022-04-04 10:22:00,Humidity,1.992
2022-04-04 10:21:00,Temperature,0.0
2022-04-04 10:21:00,CO_2 concentration,10000.0
2022-04-04 10:21:00,Humidity,1.992
2022-04-04 10:20:00,Temperature,0.0
2022-04-04 10:20:00,CO_2 concentration,10000.0
2022-04-04 10:20:00,Humidity,1.992
2022-04-04 10:19:00,Temperature,0.0
2022-04-04 10:19:00,CO_2 concentration,10000.0
2022-04-04 10:19:00,Humidity,1.992
2022-04-04 10:18:00,Temperature,0.0
2022-04-04 10:18:00,CO_2 concentration,10000.0
2022-04-04 10:18:00,Humidity,1.992
2022-04-04 10:17:00,Temperature,0.0
2022-04-04 10:17:00,CO_2 concentration,10000.0
2022-04-04 10:17:00,Humidity,1.992
2022-04-04 10:16:00,Temperature,0.0
2022-04-04 10:16:00,CO_2 concentration,10000.0
2022-04-04 10:16:00,Humidity,1.992
2022-04-04 10:15:00,Temperature,0.0
2022-04-04 10:15:00,CO_2 concentration,10000.0
2022-04-04 10:15:00,Humidity,1.992
2022-04-04 10:14:00,Temperature,0.0
2022-04-04 10:14:00,CO_2 concentration,10000.0
2022-04-04 10:14:00,Humidity,1.992
2022-04-04 10:13:00,Temperature,0.0
2022-04-04 10:13:00,CO_2 concentration,10000.0
2022-04-04 10:13:00,Humidity,1.992
2022-04-04 10:12:00,Temperature,0.0
2022-04-04 10:12:00,CO_2 concentration,10000.0
2022-04-04 10:12:00,Humidity,1.992
2022-04-04 10:11:00,Temperature,0.0
2022-04-04 10:11:00,CO_2 concentration,10000.0
2022-04-04 10:11:00,Humidity,1.992
2022-04-04 10:10:00,Temperature,0.0
2022-04-04 10:10:00,CO_2 concentration,10000.0
2022-04-04 10:10:00,Humidity,1.992
2022-04-04 10:09:00,Temperature,0.0
2022-04-04 10:09:00,CO_2 concentration,10000.0
2022-04-04 10:09:00,Humidity,1.992
2022-04-04 10:08:00,Temperature,0.0
2022-04-04 10:08:00,CO_2 concentration,10000.0
2022-04-04 10:08:00,Humidity,1.992
2022-04-04 10:07:00,Temperature,0.0
2022-04-04 10:07:00,CO_2 concentration,10000.0
2022-04-04 10:07:00,Humidity,1.992
2022-04-04 10:06:00,Temperature,0.0
2022-04-04 10:06:00,CO_2 concentration,10000.0
2022-04-04 10:06:00,Humidity,1.992
2022-04-04 10:05:00,Temperature,0.0
2022-04-04 10:05:00,CO_2 concentration,10000.0
2022-04-04 10:05:00,Humidity,1.992
2022-04-04 10:04:00,Temperature,0.0
2022-04-04 10:04:00,CO_2 concentration,10000.0
2022-04-04 10:04:00,Humidity,1.992
2022-04-04 10:03:00,Temperature,0.0
2022-04-04 10:03:00,CO_2 concentration,10000.0
2022-04-04 10:03:00,Humidity,1.992
2022-04-04 10:02:00,Temperature,0.0
2022-04-04 10:02:00,CO_2 concentration,10000.0
2022-04-04 10:02:00,Humidity,1.992
2022-04-04 10:01:00,Temperature,0.0
2022-04-04 10:01:00,CO_2 concentration,10000.0
2022-04-04 10:01:00,Humidity,1.992
2022-04-04 10:00:00,Temperature,0.0
2022-04-04 10:00:00,CO_2 concentration,10000.0
2022-04-04 10:00:00,Humidity,1.992
2022-04-04 09:59:00,Temperature,0.0
2022-04-04 09:59:00,CO_2 concentration,10000.0
2022-04-04 09:59:00,Humidity,1.992
2022-04-04 09:58:00,Temperature,0.0
2022-04-04 09:58:00,CO_2 concentration,10000.0
2022-04-04 09:58:00,Humidity,1.992
2022-04-04 09:57:00,Temperature,0.0
2022-04-04 09:57:00,CO_2 concentration,10000.0
2022-04-04 09:57:00,Humidity,1.992
2022-04-04 09:56:00,Temperature,0.0
2022-04-04 09:56:00,CO_2 concentration,10000.0
2022-04-04 09:56:00,Humidity,1.992
2022-04-04 09:55:00,Temperature,0.0
2022-04-04 09:55:00,CO_2 concentration,10000.0
2022-04-04 09:55:00,Humidity,1.992
2022-04-04 09:54:00,Temperature,0.0
2022-04-04 09:54:00,CO_2 concentration,10000.0
2022-04-04 09:54:00,Humidity,1.992
2022-04-04 09:53:00,Temperature,0.0
2022-04-04 09:53:00,CO_2 concentration,10000.0
2022-04-04 09:53:00,Humidity,1.992
2022-04-04 09:52:00,Temperature,0.0
2022-04-04 09:52:00,CO_2 concentration,10000.0
2022-04-04 09:52:00,Humidity,1.992
2022-04-04 09:51:00,Temperature,10.6305
2022-04-04 09:51:00,CO_2 concentration,5410.0
2022-04-04 09:51:00,Humidity,15.809000000000001
2022-04-04 09:50:00,Temperature,22.761
2022-04-04 09:50:00,CO_2 concentration,866.0
2022-04-04 09:50:00,Humidity,25.618
2022-04-04 09:13:00,Temperature,26.1398
2022-04-04 09:13:00,CO_2 concentration,617.6
2022-04-04 00:12:00,Temperature,20.520555555555557
2022-04-04 00:12:00,CO_2 concentration,724.2222222222222
2022-04-04 00:11:00,Temperature,20.512
2022-04-04 00:11:00,CO_2 concentration,726.5833333333334
2022-04-04 00:10:00,Temperature,20.52508333333333
2022-04-04 00:10:00,CO_2 concentration,729.6666666666666
2022-04-04 00:09:00,Temperature,20.493636363636366
2022-04-04 00:09:00,CO_2 concentration,732.0909090909091
2022-04-04 00:08:00,Temperature,20.50558333333333
2022-04-04 00:08:00,CO_2 concentration,734.1666666666666
2022-04-04 00:07:00,Temperature,20.51883333333333
2022-04-04 00:07:00,CO_2 concentration,735.0833333333334
2022-04-04 00:06:00,Temperature,20.53781818181818
2022-04-04 00:06:00,CO_2 concentration,733.0909090909091
2022-04-04 00:05:00,Temperature,20.52541666666667
2022-04-04 00:05:00,CO_2 concentration,745.9166666666666
2022-04-04 00:04:00,Temperature,20.560333333333336
2022-04-04 00:04:00,CO_2 concentration,779.5833333333334
2022-04-04 00:03:00,Temperature,20.540454545454544
2022-04-04 00:03:00,CO_2 concentration,787.0
2022-04-04 00:02:00,Temperature,20.555666666666667
2022-04-04 00:02:00,CO_2 concentration,797.5
2022-04-04 00:01:00,Temperature,20.571583333333333
2022-04-04 00:01:00,CO_2 concentration,812.75
2022-04-04 00:00:00,Temperature,20.58790909090909
2022-04-04 00:00:00,CO_2 concentration,817.9090909090909
2022-04-03 23:59:00,Temperature,20.615166666666667
2022-04-03 23:59:00,CO_2 concentration,821.9166666666666
2022-04-03 23:58:00,Temperature,20.643166666666666
2022-04-03 23:58:00,CO_2 concentration,822.3333333333334
2022-04-03 23:57:00,Temperature,20.65009090909091
2022-04-03 23:57:00,CO_2 concentration,823.0909090909091
2022-04-03 23:56:00,Temperature,20.653916666666664
2022-04-03 23:56:00,CO_2 concentration,823.8333333333334
2022-04-03 23:55:00,Temperature,20.6915
2022-04-03 23:55:00,CO_2 concentration,823.5833333333334
2022-04-03 23:54:00,Temperature,20.707545454545453
2022-04-03 23:54:00,CO_2 concentration,822.7272727272727
2022-04-03 23:53:00,Temperature,20.710499999999996
2022-04-03 23:53:00,CO_2 concentration,821.25
2022-04-03 23:52:00,Temperature,20.72041666666667
2022-04-03 23:52:00,CO_2 concentration,821.8333333333334
2022-04-03 23:51:00,Temperature,20.724818181818183
2022-04-03 23:51:00,CO_2 concentration,816.7272727272727
2022-04-03 23:50:00,Temperature,20.73475
2022-04-03 23:50:00,CO_2 concentration,810.6666666666666
2022-04-03 23:49:00,Temperature,20.730999999999998
2022-04-03 23:49:00,CO_2 concentration,807.0833333333334
2022-04-03 23:48:00,Temperature,20.70918181818182
2022-04-03 23:48:00,CO_2 concentration,808.8181818181819
2022-04-03 23:47:00,Temperature,20.689916666666665
2022-04-03 23:47:00,CO_2 concentration,814.0833333333334
2022-04-03 23:46:00,Temperature,20.681583333333332
2022-04-03 23:46:00,CO_2 concentration,815.6666666666666
2022-04-03 23:45:00,Temperature,20.659636363636363
2022-04-03 23:45:00,CO_2 concentration,819.9090909090909
2022-04-03 23:44:00,Temperature,20.632416666666668
2022-04-03 23:44:00,CO_2 concentration,827.9166666666666
2022-04-03 23:43:00,Temperature,20.615750000000002
2022-04-03 23:43:00,CO_2 concentration,830.8333333333334
2022-04-03 23:42:00,Temperature,20.58872727272727
2022-04-03 23:42:00,CO_2 concentration,831.9090909090909
2022-04-03 23:41:00,Temperature,20.574166666666667
2022-04-03 23:41:00,CO_2 concentration,836.0833333333334
2022-04-03 23:40:00,Temperature,20.546916666666664
2022-04-03 23:40:00,CO_2 concentration,841.25
2022-04-03 23:39:00,Temperature,20.523
2022-04-03 23:39:00,CO_2 concentration,849.8181818181819
2022-04-03 23:38:00,Temperature,20.50525
2022-04-03 23:38:00,CO_2 concentration,853.4166666666666
2022-04-03 23:37:00,Temperature,20.496166666666664
2022-04-03 23:37:00,CO_2 concentration,857.5
2022-04-03 23:36:00,Temperature,20.498454545454543
2022-04-03 23:36:00,CO_2 concentration,862.6363636363636
2022-04-03 23:35:00,Temperature,20.492250000000002
2022-04-03 23:35:00,CO_2 concentration,863.75
2022-04-03 23:34:00,Temperature,20.503833333333336
2022-04-03 23:34:00,CO_2 concentration,865.75
2022-04-03 23:33:00,Temperature,20.519909090909092
2022-04-03 23:33:00,CO_2 concentration,862.1818181818181
2022-04-03 23:32:00,Temperature,20.52058333333333
2022-04-03 23:32:00,CO_2 concentration,859.1666666666666
2022-04-03 23:31:00,Temperature,20.53208333333333
2022-04-03 23:31:00,CO_2 concentration,851.75
2022-04-03 23:30:00,Temperature,20.535999999999998
2022-04-03 23:30:00,CO_2 concentration,853.1818181818181
2022-04-03 23:29:00,Temperature,20.554333333333336
2022-04-03 23:29:00,CO_2 concentration,857.4166666666666
2022-04-03 23:28:00,Temperature,20.58908333333333
2022-04-03 23:28:00,CO_2 concentration,863.6666666666666
2022-04-03 23:27:00,Temperature,20.589181818181817
2022-04-03 23:27:00,CO_2 concentration,869.7272727272727
2022-04-03 23:26:00,Temperature,20.58475
2022-04-03 23:26:00,CO_2 concentration,873.4166666666666
2022-04-03 23:25:00,Temperature,20.567833333333333
2022-04-03 23:25:00,CO_2 concentration,873.5
2022-04-03 23:24:00,Temperature,20.574636363636362
2022-04-03 23:24:00,CO_2 concentration,874.6363636363636
2022-04-03 23:23:00,Temperature,20.59075
2022-04-03 23:23:00,CO_2 concentration,874.1666666666666
2022-04-03 23:22:00,Temperature,20.627416666666665
2022-04-03 23:22:00,CO_2 concentration,874.25
2022-04-03 23:21:00,Temperature,20.644000000000002
2022-04-03 23:21:00,CO_2 concentration,875.6363636363636
2022-04-03 23:20:00,Temperature,20.642666666666663
2022-04-03 23:20:00,CO_2 concentration,875.5
2022-04-03 23:19:00,Temperature,20.648666666666667
2022-04-03 23:19:00,CO_2 concentration,872.8333333333334
2022-04-03 23:18:00,Temperature,20.660909090909094
2022-04-03 23:18:00,CO_2 concentration,869.5454545454545
2022-04-03 23:17:00,Temperature,20.701249999999998
2022-04-03 23:17:00,CO_2 concentration,868.75
2022-04-03 23:16:00,Temperature,20.700749999999996
2022-04-03 23:16:00,CO_2 concentration,867.75
2022-04-03 23:15:00,Temperature,20.732181818181818
2022-04-03 23:15:00,CO_2 concentration,864.6363636363636
2022-04-03 23:14:00,Temperature,20.780999999999995
2022-04-03 23:14:00,CO_2 concentration,858.3333333333334
2022-04-03 23:13:00,Temperature,20.817500000000003
2022-04-03 23:13:00,CO_2 concentration,853.8333333333334
2022-04-03 23:12:00,Temperature,20.868636363636366
2022-04-03 23:12:00,CO_2 concentration,846.3636363636364
2022-04-03 23:11:00,Temperature,20.946083333333338
2022-04-03 23:11:00,CO_2 concentration,837.8333333333334
2022-04-03 23:10:00,Temperature,21.01933333333333
2022-04-03 23:10:00,CO_2 concentration,823.25
2022-04-03 23:09:00,Temperature,21.12890909090909
2022-04-03 23:09:00,CO_2 concentration,794.5454545454545
2022-04-03 23:08:00,Temperature,21.178833333333333
2022-04-03 23:08:00,CO_2 concentration,781.3333333333334
2022-04-03 23:07:00,Temperature,21.239583333333332
2022-04-03 23:07:00,CO_2 concentration,761.0833333333334
2022-04-03 23:06:00,Temperature,21.33054545454545
2022-04-03 23:06:00,CO_2 concentration,751.0
2022-04-03 23:05:00,Temperature,21.386416666666666
2022-04-03 23:05:00,CO_2 concentration,743.75
2022-04-03 23:04:00,Temperature,21.464916666666664
2022-04-03 23:04:00,CO_2 concentration,734.4166666666666
2022-04-03 23:03:00,Temperature,21.52463636363636
2022-04-03 23:03:00,CO_2 concentration,730.0
2022-04-03 23:02:00,Temperature,21.544666666666668
2022-04-03 23:02:00,CO_2 concentration,722.5833333333334
2022-04-03 23:01:00,Temperature,21.560083333333335
2022-04-03 23:01:00,CO_2 concentration,731.75
2022-04-03 23:00:00,Temperature,21.55754545454546
2022-04-03 23:00:00,CO_2 concentration,742.2727272727273
2022-04-03 22:59:00,Temperature,21.579916666666666
2022-04-03 22:59:00,CO_2 concentration,746.6666666666666
2022-04-03 22:58:00,Temperature,21.584999999999997
2022-04-03 22:58:00,CO_2 concentration,752.4166666666666
2022-04-03 22:57:00,Temperature,21.61318181818182
2022-04-03 22:57:00,CO_2 concentration,757.6363636363636
2022-04-03 22:56:00,Temperature,21.635749999999998
2022-04-03 22:56:00,CO_2 concentration,757.75
2022-04-03 22:55:00,Temperature,21.631250000000005
2022-04-03 22:55:00,CO_2 concentration,752.3333333333334
2022-04-03 22:54:00,Temperature,21.61027272727273
2022-04-03 22:54:00,CO_2 concentration,741.4545454545455
2022-04-03 22:53:00,Temperature,21.59566666666667
2022-04-03 22:53:00,CO_2 concentration,733.3333333333334
2022-04-03 22:52:00,Temperature,21.584749999999996
2022-04-03 22:52:00,CO_2 concentration,734.9166666666666
2022-04-03 22:51:00,Temperature,21.60109090909091
2022-04-03 22:51:00,CO_2 concentration,733.8181818181819
2022-04-03 22:50:00,Temperature,21.610916666666668
2022-04-03 22:50:00,CO_2 concentration,732.3333333333334
2022-04-03 22:49:00,Temperature,21.57833333333333
2022-04-03 22:49:00,CO_2 concentration,729.0
2022-04-03 22:48:00,Temperature,21.616545454545452
2022-04-03 22:48:00,CO_2 concentration,728.0909090909091
2022-04-03 22:47:00,Temperature,21.66241666666667
2022-04-03 22:47:00,CO_2 concentration,728.0
2022-04-03 22:46:00,Temperature,21.695166666666665
2022-04-03 22:46:00,CO_2 concentration,729.3333333333334
2022-04-03 22:45:00,Temperature,21.689545454545456
2022-04-03 22:45:00,CO_2 concentration,728.2727272727273
2022-04-03 22:44:00,Temperature,21.711583333333333
2022-04-03 22:44:00,CO_2 concentration,729.4166666666666
2022-04-03 22:43:00,Temperature,21.74191666666667
2022-04-03 22:43:00,CO_2 concentration,732.5833333333334
2022-04-03 22:42:00,Temperature,21.770727272727274
2022-04-03 22:42:00,CO_2 concentration,741.8181818181819
2022-04-03 22:41:00,Temperature,21.801250000000007
2022-04-03 22:41:00,CO_2 concentration,749.75
2022-04-03 22:40:00,Temperature,21.851666666666663
2022-04-03 22:40:00,CO_2 concentration,751.4166666666666
2022-04-03 22:39:00,Temperature,21.857363636363633
2022-04-03 22:39:00,CO_2 concentration,750.8181818181819
2022-04-03 22:38:00,Temperature,21.866666666666664
2022-04-03 22:38:00,CO_2 concentration,745.3333333333334
2022-04-03 22:37:00,Temperature,21.83975
2022-04-03 22:37:00,CO_2 concentration,733.25
2022-04-03 22:36:00,Temperature,21.815727272727273
2022-04-03 22:36:00,CO_2 concentration,732.7272727272727
2022-04-03 22:35:00,Temperature,21.774916666666666
2022-04-03 22:35:00,CO_2 concentration,732.1666666666666
2022-04-03 22:34:00,Temperature,21.73375
2022-04-03 22:34:00,CO_2 concentration,728.25
2022-04-03 22:33:00,Temperature,21.678
2022-04-03 22:33:00,CO_2 concentration,726.6363636363636
2022-04-03 22:32:00,Temperature,21.636750000000003
2022-04-03 22:32:00,CO_2 concentration,725.0
2022-04-03 22:31:00,Temperature,21.58075
2022-04-03 22:31:00,CO_2 concentration,718.75
2022-04-03 22:30:00,Temperature,21.546818181818182
2022-04-03 22:30:00,CO_2 concentration,709.4545454545455
2022-04-03 22:29:00,Temperature,21.505416666666665
2022-04-03 22:29:00,CO_2 concentration,699.5
2022-04-03 22:28:00,Temperature,21.45
2022-04-03 22:28:00,CO_2 concentration,692.0833333333334
2022-04-03 22:27:00,Temperature,21.40827272727273
2022-04-03 22:27:00,CO_2 concentration,687.0909090909091
2022-04-03 22:26:00,Temperature,21.366
2022-04-03 22:26:00,CO_2 concentration,678.1666666666666
2022-04-03 22:25:00,Temperature,21.30733333333333
2022-04-03 22:25:00,CO_2 concentration,670.4166666666666
2022-04-03 22:24:00,Temperature,21.249636363636366
2022-04-03 22:24:00,CO_2 concentration,661.8181818181819
2022-04-03 22:23:00,Temperature,21.23166666666667
2022-04-03 22:23:00,CO_2 concentration,659.1666666666666
2022-04-03 22:22:00,Temperature,21.22191666666667
2022-04-03 22:22:00,CO_2 concentration,661.0833333333334
2022-04-03 22:21:00,Temperature,21.21572727272727
2022-04-03 22:21:00,CO_2 concentration,661.4545454545455
2022-04-03 22:20:00,Temperature,21.224
2022-04-03 22:20:00,CO_2 concentration,662.4166666666666
2022-04-03 22:19:00,Temperature,21.24525
2022-04-03 22:19:00,CO_2 concentration,662.1666666666666
2022-04-03 22:18:00,Temperature,21.254363636363635
2022-04-03 22:18:00,CO_2 concentration,662.9090909090909
2022-04-03 22:17:00,Temperature,21.251499999999997
2022-04-03 22:17:00,CO_2 concentration,659.5
2022-04-03 22:16:00,Temperature,21.265749999999997
2022-04-03 22:16:00,CO_2 concentration,655.5833333333334
2022-04-03 22:15:00,Temperature,21.306727272727272
2022-04-03 22:15:00,CO_2 concentration,656.9090909090909
2022-04-03 22:14:00,Temperature,21.316916666666668
2022-04-03 22:14:00,CO_2 concentration,654.25
2022-04-03 22:13:00,Temperature,21.33841666666667
2022-04-03 22:13:00,CO_2 concentration,653.3333333333334
2022-04-03 22:12:00,Temperature,21.349545454545453
2022-04-03 22:12:00,CO_2 concentration,651.0909090909091
2022-04-03 22:11:00,Temperature,21.347416666666664
2022-04-03 22:11:00,CO_2 concentration,649.1666666666666
2022-04-03 22:10:00,Temperature,21.37425
2022-04-03 22:10:00,CO_2 concentration,649.8333333333334
2022-04-03 22:09:00,Temperature,21.372000000000003
2022-04-03 22:09:00,CO_2 concentration,647.6363636363636
2022-04-03 22:08:00,Temperature,21.348833333333335
2022-04-03 22:08:00,CO_2 concentration,647.75
2022-04-03 22:07:00,Temperature,21.32525
2022-04-03 22:07:00,CO_2 concentration,644.6666666666666
2022-04-03 22:06:00,Temperature,21.353272727272728
2022-04-03 22:06:00,CO_2 concentration,640.2727272727273
2022-04-03 22:05:00,Temperature,21.384249999999998
2022-04-03 22:05:00,CO_2 concentration,642.5
2022-04-03 22:04:00,Temperature,21.381333333333334
2022-04-03 22:04:00,CO_2 concentration,642.25
2022-04-03 22:03:00,Temperature,21.388636363636362
2022-04-03 22:03:00,CO_2 concentration,645.1818181818181
2022-04-03 22:02:00,Temperature,21.413583333333335
2022-04-03 22:02:00,CO_2 concentration,649.5833333333334
2022-04-03 22:01:00,Temperature,21.437833333333334
2022-04-03 22:01:00,CO_2 concentration,652.0833333333334
2022-04-03 22:00:00,Temperature,21.44363636363636
2022-04-03 22:00:00,CO_2 concentration,652.9090909090909
2022-04-03 21:59:00,Temperature,21.462166666666665
2022-04-03 21:59:00,CO_2 concentration,648.5833333333334
2022-04-03 21:58:00,Temperature,21.46275
2022-04-03 21:58:00,CO_2 concentration,650.4166666666666
2022-04-03 21:57:00,Temperature,21.52972727272727
2022-04-03 21:57:00,CO_2 concentration,645.2727272727273
2022-04-03 21:56:00,Temperature,21.570666666666668
2022-04-03 21:56:00,CO_2 concentration,645.0
2022-04-03 21:55:00,Temperature,21.602916666666662
2022-04-03 21:55:00,CO_2 concentration,645.6666666666666
2022-04-03 21:54:00,Temperature,21.614636363636365
2022-04-03 21:54:00,CO_2 concentration,642.3636363636364
2022-04-03 21:53:00,Temperature,21.616083333333336
2022-04-03 21:53:00,CO_2 concentration,643.5833333333334
2022-04-03 21:52:00,Temperature,21.63325
2022-04-03 21:52:00,CO_2 concentration,641.25
2022-04-03 21:51:00,Temperature,21.65090909090909
2022-04-03 21:51:00,CO_2 concentration,640.6363636363636
2022-04-03 21:50:00,Temperature,21.677916666666665
2022-04-03 21:50:00,CO_2 concentration,645.4166666666666
2022-04-03 21:49:00,Temperature,21.703
2022-04-03 21:49:00,CO_2 concentration,648.4166666666666
2022-04-03 21:48:00,Temperature,21.713363636363635
2022-04-03 21:48:00,CO_2 concentration,655.6363636363636
2022-04-03 21:47:00,Temperature,21.7325
2022-04-03 21:47:00,CO_2 concentration,660.25
2022-04-03 21:46:00,Temperature,21.756
2022-04-03 21:46:00,CO_2 concentration,662.1666666666666
2022-04-03 21:45:00,Temperature,21.756363636363638
2022-04-03 21:45:00,CO_2 concentration,669.4545454545455
2022-04-03 21:44:00,Temperature,21.776416666666666
2022-04-03 21:44:00,CO_2 concentration,673.4166666666666
2022-04-03 21:43:00,Temperature,21.752416666666665
2022-04-03 21:43:00,CO_2 concentration,675.9166666666666
2022-04-03 21:42:00,Temperature,21.711
2022-04-03 21:42:00,CO_2 concentration,677.1818181818181
2022-04-03 21:41:00,Temperature,21.678749999999997
2022-04-03 21:41:00,CO_2 concentration,671.5833333333334
2022-04-03 21:40:00,Temperature,21.628272727272726
2022-04-03 21:40:00,CO_2 concentration,664.6666666666666
2022-04-03 21:39:00,Temperature,21.58933333333334
2022-04-03 21:39:00,CO_2 concentration,661.0909090909091
2022-04-03 21:38:00,Temperature,21.527416666666667
2022-04-03 21:38:00,CO_2 concentration,661.3333333333334
2022-04-03 21:37:00,Temperature,21.489454545454546
2022-04-03 21:37:00,CO_2 concentration,658.75
2022-04-03 21:36:00,Temperature,21.478416666666664
2022-04-03 21:36:00,CO_2 concentration,656.2727272727273
2022-04-03 21:35:00,Temperature,21.422250000000002
2022-04-03 21:35:00,CO_2 concentration,654.0833333333334
2022-04-03 21:34:00,Temperature,21.376818181818184
2022-04-03 21:34:00,CO_2 concentration,645.3636363636364
2022-04-03 21:33:00,Temperature,21.3445
2022-04-03 21:33:00,CO_2 concentration,640.0
2022-04-03 21:32:00,Temperature,21.31325
2022-04-03 21:32:00,CO_2 concentration,641.3333333333334
2022-04-03 21:31:00,Temperature,21.25827272727273
2022-04-03 21:31:00,CO_2 concentration,637.2727272727273
2022-04-03 21:30:00,Temperature,21.206083333333336
2022-04-03 21:30:00,CO_2 concentration,627.25
2022-04-03 21:29:00,Temperature,21.15875
2022-04-03 21:29:00,CO_2 concentration,624.75
2022-04-03 21:28:00,Temperature,21.166363636363634
2022-04-03 21:28:00,CO_2 concentration,619.2727272727273
2022-04-03 21:27:00,Temperature,21.178833333333333
2022-04-03 21:27:00,CO_2 concentration,619.75
2022-04-03 21:26:00,Temperature,21.199916666666667
2022-04-03 21:26:00,CO_2 concentration,617.9166666666666
2022-04-03 21:25:00,Temperature,21.20372727272727
2022-04-03 21:25:00,CO_2 concentration,616.4545454545455
2022-04-03 21:24:00,Temperature,21.2
2022-04-03 21:24:00,CO_2 concentration,614.25
2022-04-03 21:23:00,Temperature,21.2105
2022-04-03 21:23:00,CO_2 concentration,607.1666666666666
2022-04-03 21:22:00,Temperature,21.224454545454545
2022-04-03 21:22:00,CO_2 concentration,605.0
2022-04-03 21:21:00,Temperature,21.216833333333334
2022-04-03 21:21:00,CO_2 concentration,605.6666666666666
2022-04-03 21:20:00,Temperature,21.251166666666666
2022-04-03 21:20:00,CO_2 concentration,606.5
2022-04-03 21:19:00,Temperature,21.25227272727273
2022-04-03 21:19:00,CO_2 concentration,603.7272727272727
2022-04-03 21:18:00,Temperature,21.266166666666667
2022-04-03 21:18:00,CO_2 concentration,600.25
2022-04-03 21:17:00,Temperature,21.285
2022-04-03 21:17:00,CO_2 concentration,597.5833333333334
2022-04-03 21:16:00,Temperature,21.277454545454546
2022-04-03 21:16:00,CO_2 concentration,595.5454545454545
2022-04-03 21:15:00,Temperature,21.278416666666665
2022-04-03 21:15:00,CO_2 concentration,591.3333333333334
2022-04-03 21:14:00,Temperature,21.280916666666666
2022-04-03 21:14:00,CO_2 concentration,585.1666666666666
2022-04-03 21:13:00,Temperature,21.278363636363636
2022-04-03 21:13:00,CO_2 concentration,579.1818181818181
2022-04-03 21:12:00,Temperature,21.2985
2022-04-03 21:12:00,CO_2 concentration,574.0833333333334
2022-04-03 21:11:00,Temperature,21.311500000000002
2022-04-03 21:11:00,CO_2 concentration,575.9166666666666
2022-04-03 21:10:00,Temperature,21.30672727272727
2022-04-03 21:10:00,CO_2 concentration,574.6363636363636
2022-04-03 21:09:00,Temperature,21.30483333333333
2022-04-03 21:09:00,CO_2 concentration,574.25
2022-04-03 21:08:00,Temperature,21.30041666666667
2022-04-03 21:08:00,CO_2 concentration,578.3333333333334
2022-04-03 21:07:00,Temperature,21.289636363636365
2022-04-03 21:07:00,CO_2 concentration,579.1818181818181
2022-04-03 21:06:00,Temperature,21.30983333333333
2022-04-03 21:06:00,CO_2 concentration,584.1666666666666
2022-04-03 21:05:00,Temperature,21.354166666666668
2022-04-03 21:05:00,CO_2 concentration,589.0833333333334
2022-04-03 21:04:00,Temperature,21.386727272727274
2022-04-03 21:04:00,CO_2 concentration,590.9090909090909
2022-04-03 21:03:00,Temperature,21.39741666666666
2022-04-03 21:03:00,CO_2 concentration,595.1666666666666
2022-04-03 21:02:00,Temperature,21.40366666666667
2022-04-03 21:02:00,CO_2 concentration,597.8333333333334
2022-04-03 21:01:00,Temperature,21.41463636363636
2022-04-03 21:01:00,CO_2 concentration,600.5454545454545
2022-04-03 21:00:00,Temperature,21.45641666666667
2022-04-03 21:00:00,CO_2 concentration,608.3333333333334
2022-04-03 20:59:00,Temperature,21.509833333333336
2022-04-03 20:59:00,CO_2 concentration,606.6666666666666
2022-04-03 20:58:00,Temperature,21.52718181818182
2022-04-03 20:58:00,CO_2 concentration,608.3636363636364
2022-04-03 20:57:00,Temperature,21.55208333333333
2022-04-03 20:57:00,CO_2 concentration,612.25
2022-04-03 20:56:00,Temperature,21.566166666666664
2022-04-03 20:56:00,CO_2 concentration,619.3333333333334
2022-04-03 20:55:00,Temperature,21.58009090909091
2022-04-03 20:55:00,CO_2 concentration,624.0
2022-04-03 20:54:00,Temperature,21.649
2022-04-03 20:54:00,CO_2 concentration,637.5
2022-04-03 20:53:00,Temperature,21.685499999999994
2022-04-03 20:53:00,CO_2 concentration,642.25
2022-04-03 20:52:00,Temperature,21.69427272727273
2022-04-03 20:52:00,CO_2 concentration,640.7272727272727
2022-04-03 20:51:00,Temperature,21.70991666666667
2022-04-03 20:51:00,CO_2 concentration,642.5
2022-04-03 20:50:00,Temperature,21.711583333333333
2022-04-03 20:50:00,CO_2 concentration,645.75
2022-04-03 20:49:00,Temperature,21.693181818181817
2022-04-03 20:49:00,CO_2 concentration,647.5454545454545
2022-04-03 20:48:00,Temperature,21.662833333333335
2022-04-03 20:48:00,CO_2 concentration,648.1666666666666
2022-04-03 20:47:00,Temperature,21.642166666666668
2022-04-03 20:47:00,CO_2 concentration,650.4166666666666
2022-04-03 20:46:00,Temperature,21.637454545454545
2022-04-03 20:46:00,CO_2 concentration,654.1818181818181
2022-04-03 20:45:00,Temperature,21.60183333333333
2022-04-03 20:45:00,CO_2 concentration,652.0833333333334
2022-04-03 20:44:00,Temperature,21.544
2022-04-03 20:44:00,CO_2 concentration,643.75
2022-04-03 20:43:00,Temperature,21.48572727272727
2022-04-03 20:43:00,CO_2 concentration,642.0909090909091
2022-04-03 20:42:00,Temperature,21.438666666666666
2022-04-03 20:42:00,CO_2 concentration,642.4166666666666
2022-04-03 20:41:00,Temperature,21.420749999999998
2022-04-03 20:41:00,CO_2 concentration,644.5
2022-04-03 20:40:00,Temperature,21.368727272727273
2022-04-03 20:40:00,CO_2 concentration,643.7272727272727
2022-04-03 20:39:00,Temperature,21.327749999999998
2022-04-03 20:39:00,CO_2 concentration,645.1666666666666
2022-04-03 20:38:00,Temperature,21.30875
2022-04-03 20:38:00,CO_2 concentration,647.75
2022-04-03 20:37:00,Temperature,21.259636363636364
2022-04-03 20:37:00,CO_2 concentration,649.1818181818181
2022-04-03 20:36:00,Temperature,21.213333333333335
2022-04-03 20:36:00,CO_2 concentration,645.75
2022-04-03 20:35:00,Temperature,21.174500000000002
2022-04-03 20:35:00,CO_2 concentration,644.5
2022-04-03 20:34:00,Temperature,21.18636363636364
2022-04-03 20:34:00,CO_2 concentration,648.2727272727273
2022-04-03 20:33:00,Temperature,21.237999999999996
2022-04-03 20:33:00,CO_2 concentration,650.1666666666666
2022-04-03 20:32:00,Temperature,21.2355
2022-04-03 20:32:00,CO_2 concentration,653.5833333333334
2022-04-03 20:31:00,Temperature,21.26190909090909
2022-04-03 20:31:00,CO_2 concentration,659.3636363636364
2022-04-03 20:30:00,Temperature,21.319166666666668
2022-04-03 20:30:00,CO_2 concentration,656.9166666666666
2022-04-03 20:29:00,Temperature,21.335416666666664
2022-04-03 20:29:00,CO_2 concentration,653.25
2022-04-03 20:28:00,Temperature,21.329363636363635
2022-04-03 20:28:00,CO_2 concentration,649.9090909090909
2022-04-03 20:27:00,Temperature,21.304666666666666
2022-04-03 20:27:00,CO_2 concentration,650.0
2022-04-03 20:26:00,Temperature,21.30333333333333
2022-04-03 20:26:00,CO_2 concentration,649.5833333333334
2022-04-03 20:25:00,Temperature,21.327727272727273
2022-04-03 20:25:00,CO_2 concentration,650.8181818181819
2022-04-03 20:24:00,Temperature,21.320249999999998
2022-04-03 20:24:00,CO_2 concentration,651.1666666666666
2022-04-03 20:23:00,Temperature,21.333333333333332
2022-04-03 20:23:00,CO_2 concentration,650.0
2022-04-03 20:22:00,Temperature,21.332636363636365
2022-04-03 20:22:00,CO_2 concentration,652.4545454545455
2022-04-03 20:21:00,Temperature,21.33491666666667
2022-04-03 20:21:00,CO_2 concentration,651.1666666666666
2022-04-03 20:20:00,Temperature,21.33008333333333
2022-04-03 20:20:00,CO_2 concentration,649.0833333333334
2022-04-03 20:19:00,Temperature,21.344545454545454
2022-04-03 20:19:00,CO_2 concentration,650.5454545454545
2022-04-03 20:18:00,Temperature,21.360583333333334
2022-04-03 20:18:00,CO_2 concentration,646.75
2022-04-03 20:17:00,Temperature,21.36691666666667
2022-04-03 20:17:00,CO_2 concentration,647.4166666666666
2022-04-03 20:16:00,Temperature,21.362545454545455
2022-04-03 20:16:00,CO_2 concentration,647.5454545454545
2022-04-03 20:15:00,Temperature,21.367166666666666
2022-04-03 20:15:00,CO_2 concentration,646.5833333333334
2022-04-03 20:14:00,Temperature,21.377916666666664
2022-04-03 20:14:00,CO_2 concentration,644.5833333333334
2022-04-03 20:13:00,Temperature,21.378727272727268
2022-04-03 20:13:00,CO_2 concentration,641.1818181818181
2022-04-03 20:12:00,Temperature,21.401833333333332
2022-04-03 20:12:00,CO_2 concentration,642.25
2022-04-03 20:11:00,Temperature,21.40275
2022-04-03 20:11:00,CO_2 concentration,643.25
2022-04-03 20:10:00,Temperature,21.400545454545455
2022-04-03 20:10:00,CO_2 concentration,642.0
2022-04-03 20:09:00,Temperature,21.405833333333334
2022-04-03 20:09:00,CO_2 concentration,639.0
2022-04-03 20:08:00,Temperature,21.405583333333336
2022-04-03 20:08:00,CO_2 concentration,636.25
2022-04-03 20:07:00,Temperature,21.403727272727277
2022-04-03 20:07:00,CO_2 concentration,637.9090909090909
2022-04-03 20:06:00,Temperature,21.408833333333334
2022-04-03 20:06:00,CO_2 concentration,635.0833333333334
2022-04-03 20:05:00,Temperature,21.40425
2022-04-03 20:05:00,CO_2 concentration,631.9166666666666
2022-04-03 20:04:00,Temperature,21.402545454545454
2022-04-03 20:04:00,CO_2 concentration,629.0909090909091
2022-04-03 20:03:00,Temperature,21.41716666666667
2022-04-03 20:03:00,CO_2 concentration,627.0833333333334
2022-04-03 20:02:00,Temperature,21.434083333333334
2022-04-03 20:02:00,CO_2 concentration,628.9166666666666
2022-04-03 20:01:00,Temperature,21.430272727272726
2022-04-03 20:01:00,CO_2 concentration,628.6363636363636
2022-04-03 20:00:00,Temperature,21.41925
2022-04-03 20:00:00,CO_2 concentration,626.75
2022-04-03 19:59:00,Temperature,21.422166666666666
2022-04-03 19:59:00,CO_2 concentration,626.0833333333334
2022-04-03 19:58:00,Temperature,21.42490909090909
2022-04-03 19:58:00,CO_2 concentration,627.1818181818181
2022-04-03 19:57:00,Temperature,21.427833333333336
2022-04-03 19:57:00,CO_2 concentration,628.75
2022-04-03 19:56:00,Temperature,21.428083333333333
2022-04-03 19:56:00,CO_2 concentration,628.5
2022-04-03 19:55:00,Temperature,21.454636363636364
2022-04-03 19:55:00,CO_2 concentration,628.0
2022-04-03 19:54:00,Temperature,21.457083333333333
2022-04-03 19:54:00,CO_2 concentration,625.5833333333334
2022-04-03 19:53:00,Temperature,21.433000000000003
2022-04-03 19:53:00,CO_2 concentration,626.1666666666666
2022-04-03 19:52:00,Temperature,21.421454545454544
2022-04-03 19:52:00,CO_2 concentration,623.4545454545455
2022-04-03 19:51:00,Temperature,21.455583333333333
2022-04-03 19:51:00,CO_2 concentration,622.4166666666666
2022-04-03 19:50:00,Temperature,21.449166666666667
2022-04-03 19:50:00,CO_2 concentration,622.5833333333334
2022-04-03 19:49:00,Temperature,21.416272727272727
2022-04-03 19:49:00,CO_2 concentration,620.9090909090909
2022-04-03 19:48:00,Temperature,21.418666666666663
2022-04-03 19:48:00,CO_2 concentration,621.9166666666666
2022-04-03 19:47:00,Temperature,21.417666666666666
2022-04-03 19:47:00,CO_2 concentration,622.3333333333334
2022-04-03 19:46:00,Temperature,21.416090909090908
2022-04-03 19:46:00,CO_2 concentration,620.2727272727273
2022-04-03 19:45:00,Temperature,21.428833333333333
2022-04-03 19:45:00,CO_2 concentration,620.3333333333334
2022-04-03 19:44:00,Temperature,21.40725
2022-04-03 19:44:00,CO_2 concentration,621.6666666666666
2022-04-03 19:43:00,Temperature,21.397272727272732
2022-04-03 19:43:00,CO_2 concentration,624.5454545454545
2022-04-03 19:42:00,Temperature,21.412000000000003
2022-04-03 19:42:00,CO_2 concentration,628.0833333333334
2022-04-03 19:41:00,Temperature,21.39791666666667
2022-04-03 19:41:00,CO_2 concentration,628.3333333333334
2022-04-03 19:40:00,Temperature,21.352727272727275
2022-04-03 19:40:00,CO_2 concentration,629.2727272727273
2022-04-03 19:39:00,Temperature,21.305833333333332
2022-04-03 19:39:00,CO_2 concentration,627.6666666666666
2022-04-03 19:38:00,Temperature,21.2375
2022-04-03 19:38:00,CO_2 concentration,625.0
2022-04-03 19:37:00,Temperature,21.164545454545454
2022-04-03 19:37:00,CO_2 concentration,625.4545454545455
2022-04-03 19:36:00,Temperature,21.086
2022-04-03 19:36:00,CO_2 concentration,625.75
2022-04-03 19:35:00,Temperature,21.005750000000003
2022-04-03 19:35:00,CO_2 concentration,625.8333333333334
2022-04-03 19:34:00,Temperature,20.936
2022-04-03 19:34:00,CO_2 concentration,622.6363636363636
2022-04-03 19:33:00,Temperature,20.85425
2022-04-03 19:33:00,CO_2 concentration,620.8333333333334
2022-04-03 19:32:00,Temperature,20.754333333333335
2022-04-03 19:32:00,CO_2 concentration,620.8333333333334
2022-04-03 19:31:00,Temperature,20.65618181818182
2022-04-03 19:31:00,CO_2 concentration,615.5454545454545
2022-04-03 19:30:00,Temperature,20.556416666666667
2022-04-03 19:30:00,CO_2 concentration,613.8333333333334
2022-04-03 19:29:00,Temperature,20.44183333333333
2022-04-03 19:29:00,CO_2 concentration,613.8333333333334
2022-04-03 19:28:00,Temperature,20.327272727272728
2022-04-03 19:28:00,CO_2 concentration,609.5454545454545
2022-04-03 19:27:00,Temperature,20.18566666666667
2022-04-03 19:27:00,CO_2 concentration,607.1666666666666
2022-04-03 19:26:00,Temperature,20.048916666666667
2022-04-03 19:26:00,CO_2 concentration,607.8333333333334
2022-04-03 19:25:00,Temperature,19.939636363636364
2022-04-03 19:25:00,CO_2 concentration,606.5454545454545
2022-04-03 19:24:00,Temperature,19.80216666666667
2022-04-03 19:24:00,CO_2 concentration,605.1666666666666
2022-04-03 19:23:00,Temperature,19.65375
2022-04-03 19:23:00,CO_2 concentration,605.75
2022-04-03 19:22:00,Temperature,19.478272727272728
2022-04-03 19:22:00,CO_2 concentration,606.2727272727273
2022-04-03 19:21:00,Temperature,19.227666666666668
2022-04-03 19:21:00,CO_2 concentration,589.1666666666666
2022-04-03 19:20:00,Temperature,19.063583333333334
2022-04-03 19:20:00,CO_2 concentration,576.5833333333334
2022-04-03 19:19:00,Temperature,19.02027272727273
2022-04-03 19:19:00,CO_2 concentration,569.0909090909091
2022-04-03 19:18:00,Temperature,18.831166666666665
2022-04-03 19:18:00,CO_2 concentration,561.1666666666666
2022-04-03 19:17:00,Temperature,18.630333333333333
2022-04-03 19:17:00,CO_2 concentration,559.0
2022-04-03 19:16:00,Temperature,18.50909090909091
2022-04-03 19:16:00,CO_2 concentration,562.8181818181819
2022-04-03 19:15:00,Temperature,18.811583333333335
2022-04-03 19:15:00,CO_2 concentration,570.3333333333334
2022-04-03 19:14:00,Temperature,18.81475
2022-04-03 19:14:00,CO_2 concentration,569.75
2022-04-03 19:13:00,Temperature,18.627727272727274
2022-04-03 19:13:00,CO_2 concentration,566.8181818181819
2022-04-03 19:12:00,Temperature,18.487000000000002
2022-04-03 19:12:00,CO_2 concentration,564.5
2022-04-03 19:11:00,Temperature,18.3
2022-04-03 19:11:00,CO_2 concentration,554.9166666666666
2022-04-03 19:10:00,Temperature,18.394454545454547
2022-04-03 19:10:00,CO_2 concentration,548.7272727272727
2022-04-03 19:09:00,Temperature,18.436
2022-04-03 19:09:00,CO_2 concentration,544.8333333333334
2022-04-03 19:08:00,Temperature,18.27475
2022-04-03 19:08:00,CO_2 concentration,542.6666666666666
2022-04-03 19:07:00,Temperature,18.261727272727274
2022-04-03 19:07:00,CO_2 concentration,540.9090909090909
2022-04-03 19:06:00,Temperature,18.275583333333334
2022-04-03 19:06:00,CO_2 concentration,536.0
2022-04-03 19:05:00,Temperature,18.248916666666666
2022-04-03 19:05:00,CO_2 concentration,532.4166666666666
2022-04-03 19:04:00,Temperature,18.071
2022-04-03 19:04:00,CO_2 concentration,528.5454545454545
2022-04-03 19:03:00,Temperature,17.76808333333333
2022-04-03 19:03:00,CO_2 concentration,525.0
2022-04-03 19:02:00,Temperature,17.543916666666668
2022-04-03 19:02:00,CO_2 concentration,525.3333333333334
2022-04-03 19:01:00,Temperature,17.730999999999998
2022-04-03 19:01:00,CO_2 concentration,526.8181818181819
2022-04-03 19:00:00,Temperature,17.703500000000002
2022-04-03 19:00:00,CO_2 concentration,534.25
2022-04-03 18:59:00,Temperature,17.606583333333333
2022-04-03 18:59:00,CO_2 concentration,549.6666666666666
2022-04-03 18:58:00,Temperature,17.438454545454547
2022-04-03 18:58:00,CO_2 concentration,553.6363636363636
2022-04-03 18:57:00,Temperature,17.403166666666667
2022-04-03 18:57:00,CO_2 concentration,554.9166666666666
2022-04-03 18:56:00,Temperature,17.779749999999996
2022-04-03 18:56:00,CO_2 concentration,553.4166666666666
2022-04-03 18:55:00,Temperature,18.16909090909091
2022-04-03 18:55:00,CO_2 concentration,553.1818181818181
2022-04-03 18:54:00,Temperature,19.01988888888889
2022-04-03 18:54:00,CO_2 concentration,568.7777777777778
2022-04-03 18:49:00,Temperature,2.9637000000000002
2022-04-03 18:49:00,CO_2 concentration,589.8
2022-04-03 18:48:00,Temperature,2.4663333333333335
2022-04-03 18:48:00,CO_2 concentration,595.0833333333334
2022-04-03 18:47:00,Temperature,2.4605833333333336
2022-04-03 18:47:00,CO_2 concentration,599.3333333333334
2022-04-03 18:46:00,Temperature,2.6738181818181816
2022-04-03 18:46:00,CO_2 concentration,607.0909090909091
2022-04-03 18:45:00,Temperature,2.4599166666666665
2022-04-03 18:45:00,CO_2 concentration,608.4166666666666
2022-04-03 18:44:00,Temperature,2.483083333333333
2022-04-03 18:44:00,CO_2 concentration,616.6666666666666
2022-04-03 18:43:00,Temperature,2.8124545454545458
2022-04-03 18:43:00,CO_2 concentration,627.0
2022-04-03 18:42:00,Temperature,2.7655
2022-04-03 18:42:00,CO_2 concentration,674.0
